应用分类,序号,应用名称,应用介绍
 聊天软件,1, 钉钉网页版,钉钉网页版是一个专为中小企业用户定制的沟通平台，它提供免费电话，语音或文字通信，企业通讯录，企业云盘等功能。
,2, 环聊网页版,环聊是一款多人视频聊天工具，通过环聊您可以在多用户视频会议室中与同事进行联系和沟通。利用环聊您还可以共享自己的计算机屏幕，让其他人可以看到您的屏幕内容。
,3, 微信网页版,微信网页版，使您可以以更加方便直观的方式来使用微信。借助网页版微信，您可以同步文件、使用键盘来写信息、共享视频以及下载图片文件到电脑端等。
,4, 易信网页版,易信网页版是一个免费聊天的即时通信平台，它提供聊天和文件传送功能，支持向用户好友发送文字，图片，表情和文件等信息。
,5, Birdie,Birdie是一个Twitter客户端，具有和其他Twitter客户端相似的功能，允许用户发布消息和查看他人的最新动态。Birdie界面简洁，操作简单，深受广大Linux用户的好评。
,6, Corebird,Corebird是一个Twitter的第三方桌面客户端，它集成了Twitter主要特性，其中包括Tweets流、收藏夹、 目录、 筛选、 内部搜索、提醒等功能。
,7, Cutegram,Cutegram是一个Telegram的客户端，与 Telegram完全兼容，并且对中文支持良好。Cutegram有着漂亮的界面，支持中文输入，可以使您的聊天体验更加有趣和简单。
,8, Franz,Franz是一款聊天软件聚合应用，你可以在Franz中同时登陆Slack，WhatsApp，Facebook Messenger，Telegram等等各式即时通讯软件，统一管理，在同一界面上接收和发送消息，让你免去切换的烦恼。
,9, HexChat,HexChat是基于XChat的一款聊天工具，支持多种网络连接模式，可以自动连接、自动加入频道和自动生成ID，支持拼写检查和DCC文件传输等。
,10, HipChat,HipChat是一款专为团队内部群聊设计的聊天工具，您可以创建群组或一对一聊天，同时还提供视频聊天、屏幕共享等功能。HipChat还整合了团队文件管理和分享以及拖拽完成保存等相关操作。
,11, ICQ,ICQ是一款即时通信应用，它支持网上聊天、发送消息和文件，还可以创建你自己的ICQ主页，当你在线的时候别人就可以访问你的主页，同时具有利用ICQ插件发送贺卡和语音邮件，利用ICQ Email发送、转发和复制电子邮件等功能。
,12, iptux,iptux是一款局域网通信工具，兼容Windows平台下的飞鸽传书协议，具有自动识别编码字符集的功能。同时还具有局域网即时通信、群发消息、传送文件和文件夹、共享文件夹等功能。
,13, Messenger for Desktop,Messenger for Desktop是一款接收Facebook消息的桌面应用，它可以发送和接收文本信息、语音信息、表情；还可以进行视频通话、拍照和拍摄视频、建立群聊等基本功能。同时可以设置随系统启动，消息提醒、主题自定义等。
,14, Pidgin,Pidgin是一款即时通讯软件，它允许您同时使用多个IM账号登录，包括QQ、MSN、Yahoo！、IRC等。Pidgin支持很多常见的网络功能，包括文件传输、离开状态、输入信息提示以及MSN窗口关闭提示。
,15, Telegram,Telegram是一个聊天应用软件，专注于速度与安全的消息传递。Telegram可以让你创建多达200人的群聊空间，另外，你可以分享高达1GB的视频。通过Telegram，您能够以安全的方式，与您的朋友进行信息交流和文件交换，以保证个人隐私不被泄露。
,16, Viber,Viber是一款网络通话应用，只需双方安装该应用就能彼此免费通讯，用户可以通过无线网络或UMTS，与其他用户免费通话及传送短信、图片、视频和音频。同时会自动同步你手机上的所有联系人、短信与通话记录，在你的各个不同设备上都不会丢失。
,17, Xchat,Xchat是一款跨平台的IRC通讯协议软件，有着良好的用户界面，具备常用的聊天功能，利用它您可以登录到任何的IRC服务器与别人交流。
开发工具,18, Android Studio,Android Studio是一个基于IntelliJ IDEA的Android集成开发环境，它提供了集成的Android开发工具用于开发和调试，同时支持Android特定重构和快速修复，对程序性能、可用性、版本兼容和其他问题进行控制捕捉，支持ProGuard和应用签名功能，自带布局编辑器等功能。
,19, Anjuta,Anjuta是一个C、C++的集成开发环境。它具有很好的编程属性，其中包括项目管理、应用开发、交互调试以及强大的代码编辑和语法高亮显示等功能。
,20, Arduino,Arduino是一个软硬件平台，构建于开放原始码simpleI/O介面版，硬件部分是可以用来做电路连接的Arduino电路板，在软件平台IDE中编写程序代码，将程序上传到Arduino电路板并执行。
,21, Bluefish,Bluefish是一款为熟练的Web设计员和程序员而设的编辑器，UI设计很直观，任何初学者都能够很快上手，Bluefish提供了很多常用的HTML任务选项，例如字体、表格、链接等。
,22, Brackets,Brackets是一个HTML/CSS/JavaScrip前端WEB集成开发环境，它提供了快捷键设置、快速编辑、实时预览、代码隐藏与搜索、界面优化、内建取色器、代码/样式扩展等功能。
,23, CLion,CLion是一个开发C和C ++的集成开发环境，它具有快速导入启动、智能编码辅助、内置工具和集成调试器、支持多种编程语言以及插件扩展等功能，还支持版本控制系统、命令行工具、编辑器自定义等功能。该版本需要您自行购买长期使用授权。
,24, Code::Blocks,Code::Blocks是一个开源、免费、跨平台的C++ IDE，具有可扩展插件向导功能，让你很方便的创建自己的插件。Code::Blocks是用C++编写的（用wxWidgets库），捆绑了MinGW编译器。
,25, CodeLite,CodeLite是一个C/C++编程语言的跨平台IDE，在Windows、Ubuntu和MacOSX各操作系统上均被测试。同时CodeLite的源代码使用是遵循GPL v2许可证的。
,26, DataGrip,DataGrip是JetBrains针对开发者和DBA的一款数据库开发工具，它具有代码自动完成、重命名、查找、代码分析和快速修复、自动格式化以及支持主流的版本控制系统等功能。该版本需要您自行购买长期使用授权。
,27, DBeaver,DBeaver是一个通用的数据库管理工具和SQL客户端，支持 MySQL、PostgreSQL、Oracle、 DB2、MSSQL、 Sybase、 Mime、 HSQLDB、Derby以及其他兼容 JDBC 的数据库。DBeaver 提供一个图形界面用来查看数据库结构、执行SQL查询和脚本，浏览和导出数据，处理BLOB/CLOB数据，修改数据库结构等。
,28, D-Feet,D-Feet是一个易于使用D-bus调试器，D-Feet用来检查D-bus接口的运行程序和调用接口的方法。可以显示service提供的所有对象、信号和方法，还可以通过它实现方法调用。
,29, Eclipse,Eclipse-Platform是Eclipse在运行时的一个核心工具类，包括很多静态方法用于获取操作系统和Eclipse相关信息，如操作系统架构、扩展点注册、Eclipse目录等。
,30, GNU Emacs,GNU Emacs是一个可扩展、定制的文本编辑器，Emacs内置Elisp解释器和热替换机制，具有各种编辑模式、内置文件、全语言以及对应脚本、高度可定制化、丰富的插件管理等功能。
,31, Eric,Eric是一个全功能Python和Ruby的编辑器和IDE，它是基于跨平台的Qt GUI工具包，整合高度灵活的编辑控制。Eric包括一个插件系统，它允许使用从网上下载插件且易于扩展到IDE功能中。
,32, Gambas,Gambas是一个开发Visual Basic的集成开发环境，其操作和语法几乎与Windows平台下的Visual Basic一致，它具有代码自动提示、语法高亮、组件扩展等功能，同时支持常见的MySQL、PostgreSQL数据库连接，并带有一个专门的数据库管理工具。
,33, Ghex,Ghex是一个简单的二进制编辑器。它允许用户查看二进制、ASCII码、编辑二进制文件。包括查找和替换功能，同时可以在二进制、八进制、十进制和十六进制之间进行转换，用户还可以进行多视图多个文件的编辑。
,34, GkDebconf,GkDebconf基本上是一个图形化的前端，在Debian系统上用Debconf重新配置软件包的助手。您可以使用它轻松的重新配置已安装的软件包，摆脱使用命令行操作的烦恼。
,35, Glade,Glade是一个相当不错的图形界面设计工具，基于GTK+Toolkit开发，以XML格式的文件保存，它可以通过GTK+对象GtkBuilder被应用程序动态地载入。通过GtkBuilder，GladeXML文件可以被许多编程语言使用。
,36, Gtranslator,Gtranslator是一个增强的gettextPO文件编辑器。它处理所有形式的gettextPO文件，包括查找/替换，翻译记忆、导航功能。
,37, HDFView,HDFView是一款查看和编辑HDF4/HDF5的应用，提供了一套独特的技术和支持服务，管理大型复杂数据集，其主要解决如何组织、存储、发现、访问、分析、共享数据等问题，以及如何保存规模和复杂性巨大增长的数据。
,38, IntelliJ IDEA Ultimate,IntelliJ IDEA Ultimate是一个Java语言集成开发环境，它具有智能编辑、代码自动分析、重构、支持J2EE、Ant、JUnit、丰富的导航模式、扩展代码检查、查询历史记录等功能。该版本需要您自行购买长期使用授权。
,39, IntelliJ IDEA Community,IntelliJ IDEA Community是一个Java语言集成开发环境，它具有智能编辑、代码自动分析、重构、支持J2EE、Ant、JUnit、丰富的导航模式、扩展代码检查、查询历史记录等功能。
,40, Kate,Kate是一个开源的、先进的文本编辑器，专为桌面环境KDESC设计。包括编辑各种文本文件、语法高亮显示、可扩展XML文件、代码可以折叠/展开显示，动态自动换行。
,41, Komodo IDE,Komodo IDE是一款支持多种动态编程语言的集成开发环境，它提供强大的工作空间用以编辑、调试和测试程序。支持Perl、Python及Javascript等的程序语言开发，同时还具备版本控制CVS、支持正则表达式等功能。
,42, Lazarus,Lazarus是一个Pascal集成开发环境，它可以编译运行简单的Pascal程序，还具有很强的窗体处理功能，界面清晰，操作简单方便，并且它和Delphi高度兼容，具有可读性好、编写容易等特点。
,43, LiteIDE,LiteIDE是一款开源、跨平台的轻量级Go语言集成开发环境，它具有管理系统环境、集成调试系统、代码自动完成、支持插件扩展等功能。
,44, MonoDevelop,MonoDevelop是个跨平台的集成开发环境，主要用来开发Mono与.NETFramework软件。MonoDevelop集成了很多Eclipse与MicrosoftVisual Studio的特性。
,45, MySQL Workbench,MySQL Workbench是一款专为MySQL设计的ER/数据库建模工具，它提供了数据建模工具、SQL 开发工具和全面的管理工具，包括服务器配置、用户管理、备份等，为 Microsoft SQL Server、Microsoft Access、Sybase ASE、PostreSQL 及其他 RDBMS 表、对象和数据迁移至MySQL提供了一个全面、简单易用的解决方案。
,46, Navicat,Navicat是一个的数据库管理工具，专为简化数据库的管理及降低系统管理成本。以直觉化的图形用户界面而建的，让你可以以安全并且简单的方式创建、组织、访问并共用信息。让用户简单地管理 MySQL、MariaDB、SQL Server、SQLite、Oracle 和 PostgreSQL的数据库。
,47, Okteta,Okteta是一款十六进制编辑器，打开文件后数值和字符分别通过两列显示内容。可以在数值和字符列进行编辑和操作。
,48, PhpStorm,PhpStorm是一个开发PHP的集成开发环境，它具有智能编码辅助和导航、快速和安全的重构、易于调试和测试等功能。同时支持所有的PHP语言，集成版本控制系统，支持远程部署、数据库/SQL、命令行工具等功能。该版本需要您自行购买长期使用授权。
,49, Poedit,Poedit是一款.Po文件编辑器，用于汉化各种程序，可以在所有它支持的平台上运行，同时提供便捷的编辑目录功能。
,50, PyCharm Community,PyCharm Community是一个Python集成开发环境，它具有代码调试、语法高亮、Project管理、代码跳转、智能提示、自动完成、单元测试、版本控制等功能，同时支持Google App Engine和IronPython。
,51, PyCharm Professional,PyCharm Professional是一个Python集成开发环境，它具有代码调试、语法高亮、Project管理、代码跳转、智能提示、自动完成、单元测试、版本控制等功能，同时支持Google App Engine和IronPython。该版本需要您自行购买长期使用授权。
,52, Qt Creator,Qt Creator是跨平台的轻量级集成开发环境，它包括项目生成向导、C++代码编辑器、浏览文件，集成了Qt Designer、Qt Assistant、QtLinguist、图形化的GDB 调试前端，集成qmake 构建工具等功能。
,53, RubyMine,RubyMine是一个开发Ruby的集成开发环境，它提供了智能编码辅助，智能代码重构和代码分析能力。同时还具有强大的调试、集成版本控制系统、数据库工具、远程开发和部署工具等功能。该版本需要您自行购买长期使用授权。
,54, SciTE,SciTE是一款免费开源的编辑器，支持C、C++、PHP、C#、Perl、Html、CSS、java、Ruby等语言的语法高亮显示，还可以导出PDF/HTML/RTF/XML/LaTex等类型文件。
,55, SmartCVS,SmartCVS 是一款用于CVS的版本控制应用，基于TCP/IP协议的版本控制工具，它具有内建的文件比较、合并工具、事务显示、列出Repository文件等功能，美观的用户界面，一目了然的功能，同时可以运行在所有的JDK环境中。
,56, SmartGit,SmartGit是一个Git版本控制系统的图形化客户端程序，它具有快速建立分支、支持离线提交到服务器等功能，还可以直观的本地更新、提交、合并、刷新、同步等操作。
,57, SmartSVN,SmartSVN是一个图形化的SVN客户端，其最大的优势就是操作非常简单和方便，大部分操作都可以通过鼠标点击完成。其中支持多种认证机制：SVN、SVN+SSH、Http、Https、Http代理；支持所有的svn命令、支持标签操作、智慧化程度高、方便的导航系统等功能。
,58, SmartSynchronize,SmartSynchronize是一款检查文件与目录比较的工具，可以帮助对比两个文件或者两个文件夹的不同之处，文件比较能够检测内部行着色的变化、比较目录并显示每个文件的添加，删除和修改的行数。同时可以帮助您合并一个基本文件的两个独立的变化。
,59, Spyder,Spyder是一个强大的交互式Python集成开发环境，它提供高级的代码编辑、交互测试、调试等特性，同时还可以模仿Matlab的“工作空间”的功能，根据自己的喜好调整它们的位置和大小。
,60, GVim,Vim是从vi发展而来的一个文本编辑器，GVim是Vim的图形前端，它是跨平台的编辑器。它具有代码自动完成、编译及快捷键操作，错误跳转、切换输入模式等功能。
,61, WebStorm,WebStorm是一个开发JavaScript的集成开发环境，它具有智能编码辅助、支持最新技术和框架、集成版本控制系统、调试，跟踪和测试等功能，同时内置了打字稿编译器、整合数以百计的项目模板等其他功能。该版本需要您自行购买长期使用授权。
,62, Wireshark,Wireshark是一个网络封包分析软件，它具有获取网络封包并显示网络封包详情，同时还可以检测网络问题、检查安全相关问题、排查通信错误等功能。
,63, wxMEdit,wxMEdit是一个跨平台的文本/十六进制编辑器，它具有书签管理、语法高亮显示、编码识别和转换、自动换行、字数统计及自动更新等功能，以及在文本列模式下和十六进制下支持各种编码。
,64, Yakuake,Yakuake是一款下拉式终端仿真器，它与Guake在功能上非常相似。它具有从屏幕顶端弹出，标准标签式界面、可配置终端大小和动画速度等功能。
 游戏,65, 0 A.D.,0 A.D.是一款非常有特色的即时战略游戏，与微软的帝国时代类似，主打联机与对战，支持多种语言。在游戏中，用户可以建立文明，定义他们反对的敌人，玩法多样，非常适合广大的游戏玩家体验。
,66, AisleRiot,AisleRiot是一款纸牌游戏，囊括了Windows平台下的空当接龙、蜘蛛纸牌等一系列的纸牌游戏。纸牌的玩法多种多样，从简单到复杂，以一副或多副扑克牌混合排出不同的组合，带给您轻松的休闲时光。
,67, Alien Arena,Alien Arena是一款第一人称的射击游戏。游戏场景被设置在外太空的一艘飞船中，玩家在游戏中主要是进行一对一的对抗，游戏中有7大场景，并提供了大量武器，玩家可以挑选一件喜欢的武器同自己一起血战到底。玩家还可以与朋友一同联机进行PK，如果您喜欢刺激，就赶快来体验吧！
,68, 2048网页版,2048是一款比较流行的数字游戏，它的玩法很简单。每次您可以选择向上下左右滑动，每滑动一次，相同数字的方块在靠拢、相撞时会相加，不断的叠加直到拼凑出2048这个数字。
,69, 大农场网页版,Big Farm是一款以种植为主的社交游戏，您可以扮演一个农场主，在自己的农场里开垦土地、种植各种蔬菜和水果，不断地扩建自己的庄园，养殖更多更好的动物，努力使自己成为最大的农场主！
,70, 刺猬索尼克网页版,刺猬索尼克是一款经典的索尼克冒险游戏，玩家通过选择刺猬SONIC等角色奔跑、跳跃、躲避敌人、获取积分，完成一次又一次的关卡挑战。
,71, 影子国王网页版,影子国王是一款战争策略网游，游戏让玩家在远离地球的奇幻世界中，扮演人类、精灵和矮人等角色，通过物资和材料建设城市，招募组建军队抵挡黑暗力量，选择联盟和主导外交，进行史诗般的战斗。
,72, Grepolis网页版,Grepolis是一款希腊神话魔幻类策略网游，游戏中以城建为主要任务，玩家需要招募强大的海陆军，同神话角色一起，攻击来自陆地、海洋和天空的敌人，将一个个小的城邦建成宏伟强大的国度，成为希腊最强的统治者。
,73, Tribal Wars网页版,Tribal Wars是一个中世纪策略类对战网游，玩家在中世纪背景下可以升级村庄、建造强大的堡垒、训练军队，同时与其他玩家联合起来，形成一个强大的部落，带领部落部队进入战斗，征服敌人的村庄，扩大自己的帝国。
,74, 王国保卫战：前线网页版,王国保卫战：前线是一款塔防游戏神作，玩家需要在游戏中，通过在地图上建造和升级炮塔或其他防御建筑物，和士兵和英雄一起来阻止敌人一波一波的进攻，消灭敌人不断过关。
,75, 时代战争网页版,时代战争是一款战争策略类网游，玩家通过在基地不断的建造建筑，升级建筑产生强大的人类军队，杀掉外星异形敌人获得金钱和经验，完成建筑升级和战争过程的升级演化。
,76, Minefield网页版,Minefield是一款经典的扫雷游戏，其目的就是找出隐藏的地雷，每个数字块代表它的周围当中有对应的地雷数，需要玩家自行分析地雷位置和数量，左键单击数字块可以清除探明不是雷的地方，右键单击数字块可以探明已知是雷的地方。
,77, OGS网页版,OGS是一个网上围棋对战平台，玩家可以在平台上和棋友聊天，参与围棋对抗比赛和阶梯赛，组建围棋群组，研究和讨论棋赛重放，查看棋赛排行榜等。
,78, Pacman网页版,Pacman是一款益智休闲游戏，游戏的主角是一只可爱的小精灵。玩家们可以操控Pacman吃光关卡中的所有小豆子来闯关，并且还要保护Pacman不被怪物抓到。
,79, Pacman网页版,Pirates Love Daisies是一款塔防类游戏，玩家可以建立海盗团去防御海中生物对雏菊的抢夺，只要布置海盗团成员在不同的地图位置上，通过赚取金币和积累积分，每个海盗成员就会拿出看家本领来去消灭前来冒犯的生物，捍卫雏菊。
,80, Soliders Inc网页版,Soliders Inc是一款军事策略类网游，玩家作为组织任命的指挥官，利用外交和贸易建立联盟，开发和保卫自己的军事基地，扩大基地的影响力，建立强大有竞争力的军事集团。
,81, Rune Raiders网页版,Rune Raiders是一款角色扮演游戏，该游戏着重于战术安排和技能的使用，游戏中会有超过12名的角色加入你的队伍。每个角色都有独具特色的武器、防御、速度、破坏力等各不相同，游戏剧情很简单，集结一帮英雄跑到怪物的地盘去战斗，让置身其中的玩家有种史诗级战斗的体验!
,82, 三国杀网页版,三国杀是一款热门的桌上游戏，游戏结合中国三国时期的背景，以身份为线索，以卡牌为形式，在中国广受欢迎。在三国杀的游戏中，玩家将扮演一名三国时期的武将，结合本局身份，经过一轮一轮的谋略和动作来获得最终的胜利。
,83, Contre Jour网页版,Contre Jour是一款益智休闲游戏佳作，玩家可以一边享受美妙的游戏视听，一边利用各种道具的物理特性，控制神秘生物Petit吸收散落在各个角落的精华，躲过各类危险障碍到达目的地，安全地通过60个关卡。
,84, Hextris网页版,Hextris是一款益智休闲游戏，玩家通过旋转屏幕中间的灰色六角形，利用三同色叠加消除规则，可以清除滑落到六角形内的各种同色长条，换取游戏积分。
,85, The West网页版,The West是一款角色冒险游戏，在酒吧老板的指导下，玩家通过扮演西部牛仔去探索新大陆上的城镇，在每个城镇中完成一些任务同时提高技能、积累财富，经历不断的冒险和对决。
,86, BrowserQuest网页版,BrowserQuest是一款多人在线的网络游戏，该游戏融合了动作、冒险、解谜、地下迷宫、角色扮演等特点。描述了一位少年身兼重任来到即将被魔兽占领的世界与众多英雄共同战斗，一起拯救世界的故事。该游戏具有传统单机游戏的情节如打怪冒险、升级夺宝、完善装备等，还赋予了玩家新的挑战色彩如单人战斗、组队冒险、联盟抗敌等。
,87, AssaultCube,AssaultCube是一款第一视角射击游戏，其目的在于创作一个崭新融入Cube简单风格但更加现实的游戏。它具有20多种游戏模式，支持在线网络双人对战、多人游戏、预安装了26个不同的地图，在游戏中，可以通过地图编辑器来帮助玩家创建自己的地图。
,88, Bitfighter,Bitfighter是一个太空战舰游戏，这是一个以团队为基础的策略游戏，具有复古风格和可定制的战舰。在游戏中，玩家控制一艘三角形战舰，夺取对方的一面旗帜或收集不同国家的旗帜，带领团队占据不同的领地，选择的各种武器与敌人进行火拼，个人或团队杀尽可能多的对手。
,89, Brutal Chess,Brutal Chess是一款经典的3D国际象棋游戏，规则和玩法与其他国际象棋游戏相同。在Brutal Chess中您可以与计算机对垒，也可以与真人博弈。设计精美的3D画面、智力策略与技术的巧妙融合，将带给您逼真的视觉享受。
,90, 深度游戏,深度游戏是为广大Linux用户量身打造的一款游戏分享平台。它不仅只是一个游戏客户端，更是一个集成了社交功能的游戏分享平台。在这里您可以找到最好玩的游戏，也可以与朋友分享您最喜爱的游戏。
,91, Desura,Desura是一个正版游戏网站，游戏玩家只要登录，即可实现在任何PC上的即时游戏下载和购买。除此之外，Desura还提供游戏玩家社区和开发者社区的交流平台，为游戏开发者提供新闻分享、论坛及图片视频分享服务等。
,92, Endless Sky,Endless Sky是一款太空探索战斗游戏，开始作为一个小小的太空船的船长，选择你想玩的情节或变成一个商人/赏金猎人/探险者去完成任务，其中包括去其他恒星通过交易挣钱、运输客人等，通过挣钱升级自己的飞船、武器或发动机等装备，然后去探索无尽的天空。
,93, ExtremeTuxRacer,ExtremeTuxRacer是一个赛车模拟游戏，其主角为企鹅Tux，在游戏中，玩家控制Tux从满是冰雪的山坡上滑下，并不断收集滑道周围分散着的青鱼可以得分。要进入下一关，玩家必须既要收集足够的鱼又要在时限内到达终点。
,94, FCEUX,FCEUX是一款功能强大的FC/NES模拟器，您可以使用它重温那些经典的游戏。FCEUX模拟器不仅能提供3D画面，还可以对游戏的视角、画面的3D厚度等进行设置，为任天堂的老游戏提供了各种新玩法。
,95, 连珠消球,连珠消球是一款桌面益智游戏，随着彩球不断地注入屏幕，玩家需要移动彩球，让更多的五个以上同色球体连成直线（直线可以是水平线，垂直线或斜线），一旦这些球体被连成直线，它们就会消失然后玩家得分，当彩球满屏时游戏结束。
,96, Flail Rider,Flail Rider是一款快节奏的桌面游戏，玩家可以驾驶一辆牵引连枷的赛车，自上而下地通过连枷打击一切地面物体，而且连枷的体积还可以变大，游戏操控起来非常简单，画面色彩也很丰富，整个过程令人惊叹刺激。 
,97, Four in a Row,Four in a Row是一款益智的棋类游戏，两名玩家轮流每次把一只棋子放进棋盘任何未全满的一行中，棋子会占据一行中最底未被占据的位置。玩家玩者任何一方先以四只棋子在横，竖或斜方向连成一条直线，便可获胜，游戏结束。
,98, FreeCol,FreeCol是一个回合制策略游戏，是殖民帝国的一个开源版本，玩家可以用从城市采集而来或馈赠的自然资源和欧洲进行贸易。在城市中建立工业将原料加工在贸易中可以获益更多，或者可以维持城市的运作，玩家刚开始会接受来自欧洲祖国的援助，直到殖民地可以自立为止的，并且打败来自祖国的皇家远征军队后即可获得胜利。
,99, GCompris,GCompris是一款高品质的教育软件套件，主要是针对2到10岁的儿童，它提供超过100以上的小游戏，其中包含计算机探索、数学运算、科学、地理、游戏、阅读等其他益智教育类游戏。
,100, 国际象棋,国际象棋是一款2D国际象棋游戏，它可以进行国际象棋人机或人人对战，它支持创建游戏、保存游戏、打开保存的游戏、编辑游戏、设定游戏外观、设定游戏模式、设定游戏行为、设定游戏引擎和设定游戏选项等功能。
,101, 扫雷,扫雷是一款扫雷游戏，在游戏中玩家需要打开屏幕内的小方格，查看和分析方格下的数字（表示周边范围内的地雷数量），然后判断和猜测藏有地雷的方格位置，并给所有这些方格做出标记。
,102, 贪吃蛇,贪吃蛇是一款桌面益智游戏，在游戏中玩家扮演一条贪吃的小蛇，小蛇需要避免撞到迷宫的墙壁和其他一同觅食的小蛇（包括自己）身上，尽可能多地吞噬食物，完成26个的游戏关卡。
,103, 数独,数独是一款逻辑性强的数字填充游戏，玩家必须以数字填进每一格。数独虽然规则简单，但数字排列方式却千变万化，非常考验玩家的智商。游戏从易到难按等级设置，大大提高了游戏的趣味性和挑战性。
,104, Tetravex,Tetravex是一款简单的解谜游戏，目标是把右侧的方块全部移动到左侧，每个方块的四面都邻接着相同的数字。游戏会计时，用来确定得分排行榜。您需要尽快把所有的方块都搞定。
,105, GNOME Twitch,GNOME Twitch是一个面向视频游戏的实时流媒体视频平台。在Twitch平台上，视频游戏玩家可以实时地观看其它玩家的游戏情况，是最受游戏玩家欢迎的聚集地，不仅可以在该平台观看到游戏比赛的赛况，还可以从其他玩家那里学习游戏战略。
,106, Hedgewars,Hedgewars是一款回合制游戏，在汲取百战天虫精华的基础上，加入了大量新式武器、地图、主题和角色设置，您可以根据自身需求进行个性化修改。hedgewars提供单机和联机对战模式，给玩家带来了更加丰富的娱乐空间。
,107, 黑白棋,Iagno是一款黑白棋游戏，在8×8的棋盘上，玩家可以扮演黑棋或白棋，通过在对方棋子两侧摆放本方棋子来消除对方，从而让更多的本方棋子保留在棋盘上，获得最终的胜利。
,108, Indivisible,Indivisible是一款RPG动作游戏，玩家要操纵一名拥有化身与融合能力的少女Ajna来探索游戏中的世界，需要与怪物进行战斗，要用自己的真正形态去解开世界中的谜题。在游戏中将会加入各种英雄，并获得新的能力，需要更精准的防守策略，观察预判敌人的攻击，在不同的环境下战胜各种敌人。
,109, 关灯,Lights Off是一款益智游戏，玩家通过点击方块将该方块及其水平（垂直）相邻的方块翻转，游戏目标是通过不断翻转方块，将全部亮色的方块翻转为黑色的方块。
,110, Lutris,Lutris是一个游戏平台，可以让您收集和管理游戏，几乎支持所有平台的游戏。Lutris支持原生的Linux游戏，包括商业游戏和开源游戏，也支持用Wine模拟安装的Windows游戏。
,111, Magarena,Magarena是一款人机对战的卡牌游戏，可以选择玩家并用其卡牌组进行决斗并收集卡牌，还可以看到已收集和未收集的卡牌，同时多种规则对卡牌进行排序和过滤。玩家可以创建和管理属于自己的卡组或使用预构建的卡组，通过代理图像生成器可以用裁切后的卡牌图像生成代理图像，在设置菜单让玩家可以设置偏好、下载新图像、导入配置等功能。
,112, MAME,MAME是一个模拟器，也是国内玩家最熟悉和最常使用的街机模拟器之一。MAME的游戏列表里有近3万个游戏，可以运行的游戏有数千个。很多70后、80后曾迷恋的街机游戏，都可以在电脑上用MAME来运行。
,113, MegaGlest,MegaGlest 是一款3D即时战略游戏，取材于中世纪背景，有七种不同阵营：魔法、科技、埃及人、印度人、古挪威人、波斯人、罗马人，MegaGlest 有多种地图大小，而且有着平原、山脉、河流等多种地形，玩家需要通过获取能源、食品、黄金、石头、木材等多种资源来建设自己的基地，通过微观管理和战略思维来战胜敌人，最多支持8名玩家在线跨平台多人游戏。
,114, Micropolis,Micropolis是一款模拟类游戏，是《模拟城市》的模仿作。在一个固定范围的土地上，由玩家担任市长，要满足城市内所有市民的日常生活所需。从规划用地，建设各类建筑，甚至税金及各种公共设施支出和分配都由玩家自行设计。游戏中除了要妥善规划各种区域，还要考虑到人、经济、生存及政治等多项因素。
,115, MineCraft,MineCraft是一款自由度很高的沙盒游戏，整个游戏没有剧情，每一个玩家在三维空间中透过像乐高一样的积木来组合与拼凑，自由地创造和破坏不同种类的方块。在这款游戏里，不仅可以单人娱乐，还可以多人联机一起娱乐。该版本需要您自行购买长期使用授权。
,116, Minetest,Minetest是一款沙盒建造游戏和游戏引擎，你可以摧毁砖块、摆放砖块、合并工具或其它物品、建造一切你可以想象出来的建筑物。游戏包含两种游戏模式：沙盒模式、普通模式，同时具有近乎无限的地图、子游戏插件、自定义游戏、根据地图创建对战模式等功能。
,117, Nestopia,Nestopia是一款经典的FC/NES模拟器，可以让玩家们回味当年经典的红白机游戏。Nestopia的数据库包含了许多ROM的数据信息，你可以通过控制台唤醒数据库收藏夹，也可以自己添加ROM信息。Nestopia不但支持WinZIP压缩的ROM，还支持WinRAR和7-Zip压缩的ROM。
,118, Nexuiz ,Nexuiz 是一款3D类死亡竞赛游戏，在游戏中，您可以充分体验作为第一人称射击的快感。Nuzuiz提供单机和联机两种模式，在联机模式下，Nuzuiz允许多达64人的联机对战，画面极具震撼效果。
,119, OpenRA,OpenRA是一款实现Westwood Studios的策略类游戏引擎，主要是实现经典的Command & Conquer（命令与征服）系列游戏。目前此引擎支持Tiberian Dwan(泰伯利亚之黎明)、Red Alert（红警）和Dune 2000（沙丘2000）三个游戏战场。同时引入了全局聊天频道、调整游戏速度、特殊武器的平衡度等功能。
,120, OpenTTD,OpenTTD是 一款运输大亨豪华版（TTD）的开源版。玩家扮演新成立的运输公司老板，通过建设铁路、公路、桥梁、机场、车站等设施，运输旅客、货物和各种自然资源来赚取最大利润，经过残酷的竞争，最终打败对手，成为运输大亨。
,121, PPSSPP,PPSSPP是一款非常出色的PSP模拟器，可以流畅运行大部分的PSP游戏。PPSSPP支持中文，支持高清分辨率以及自适应分辨率，并且支持即时存档和读取存档。除此之外，PPSSPP还支持外接手柄进行游戏，完美满足追求手感和流畅操控的游戏玩家。
,122, Quadrapassel,Quadrapassel是一款俄罗斯方块游戏，由四块方块组成不同的形状（长条形/L形/正方形/S形），方块从一个随机顺序的屏幕顶部下降，玩家对方块进行旋转和移动，在屏幕上做出完整的线来得分，通过提高技能来加快方块的下降速度获取更多的分数。
,123, Red Eclipse,Red Eclipse是一款第一人称的射击游戏，支持单人和多人游戏模式。玩家们可以进行即时的地图编辑，以自身行动为导向，拥有极高的战术自由度。惊险刺激的剧情、精美的画面和生动的音效，将带给您身临其境的射击体验。
,124, RetroArch,RetroArch是一款全能游戏模拟器，功能非常的强大。RetroArch可以模拟大多数经典游戏，包括超级任天堂、ameBoy Advance、世嘉等出品的多种街机游戏，帮助玩家找回红白机的回忆。
,125, ScummVM,ScummVM是一款卢卡斯图形冒险游戏开发引擎Scumm的模拟器，可以让你玩到由美国卢卡斯艺术出的一系列精典游戏，如猴岛小英雄、星球大战等。ScummVM让我们一起回归经典，走进卢卡斯的世界。
,126, Snes9x,Snes9x是一款超级任天堂SFC模拟器，能流畅运行市面上大部分经典的游戏。Snes9x支持游戏的保存和载入，支持实体键盘和虚拟键盘，可以让玩家再次体验超级任天堂曾经的辉煌。
,127, Speed Dreams,Speed Dreams是一款赛车游戏，支持单人和多人游戏。游戏中提供了33款超级跑车供玩家选择使用，每一辆都能在现实中找到原型。玩家也可以对其外形进行修改，创造出自己想象中的终极赛车。
,128, Stunt Rally,Stunt Rally是一款赛车游戏，玩家可以从153条赛车轨道和24个关卡中感受到游戏的魅力。游戏设置有锦标赛、挑战赛以及多人比赛等，除此之外，Stunt Rally允许用户实时编辑比赛道路和它们的参数，通过改变赛道的参数、调整地形，甚至修改自己的赛车，从而让驾驶乐趣倍增。
,129, SuperTux,SuperTux是一款类似超级马里奥兄弟的游戏，在游戏中控制Tux企鹅通过跳起来顶砖块，吃到金币或雪球或者花，雪球可以使Tux企鹅长大，然后吃到花后可以发子弹。
,130, SuperTuxKart,SuperTuxKart是一个有趣的单机赛车游戏，支持4P同场竞技。游戏有四种模式：快速、时间、挑战、跟随，其中，跟随模式必须通过挑战模式后才会开启。在SuperTuxkart里您可以漂移、喷气、扔道具，是一个老少皆宜的游戏。
,131, 消色块,Swell Foop是一款益智游戏，在游戏中，玩家点击相邻的多个同色方块进行方块消除，然后剩下的方块又会重新堆叠，一次消除的方块越多玩家获取的积分也越多，游戏的目标就是通过消除获取更多的积分，如果能消除所有的方块，玩家还会得到1000分的奖励。
,132, Teeworlds,Teeworlds是一款多人动作的射击游戏，具有卡通化的画面，使用FPS风格的各种游戏设置，包括键位、移动和武器等。游戏中，您将化身为一个小小的卡通人物，参与到一场巨大的战斗之中。您可以选择团队战斗、个人战斗或者特有的组队过关模式来挑战。
,133, Unvanquished,Unvanquished是一款实时策略元素的射击游戏，玩家可以选择团队，提供双方的一个完全不同的体验，作为人类专注于远程火力而外星人依靠快速运动和隐身。每场比赛的目标是摧毁敌人的基地，通过结合个体绩效和团队地图控制获得升级，解锁更强大的武器和装备来加入战斗。
,134, Urban Terror,Urban Terror是一款在线第一人称射击游戏，游戏中，您可以随意选择武器装备，设定人物模型。Urban Terror提供炸弹模式、夺取旗帜模式、组队生存模式、团队死亡竞赛模式、自由模式、夺旗占领模式和跟随领袖模式等多种游戏模式。
,135, Warsow,Warsow是一款第一人称射击游戏，游戏风格为明快的卡通风格。游戏中，玩家需要使用一切资源将敌人消灭。游戏包含的角色转换、武器扩展功能以及未来的科幻场景，将带您感受一个破坏者的乐趣。
,136, 韦诺之战,韦诺之战是一个回合制策略游戏。游戏包括种族系统、单位系统、地形系统、昼夜系统、经验系统以及一套非常完善友好的操作与帮助系统。玩家可以进行单机战役或通过联机与全世界玩家进行在线游戏。
,137, Widelands,Widelands是一个即时战略游戏，玩家扮演英雄，NPC提示玩家要去完成的任务，玩家要利用少数的工人及有限的资源（木材、黏土、石材、铁矿等），探勘资源并且兴建相关的建筑物。然后招募更多的人劳动并定期收取税金，进而兴建更多的建筑且升级装备。最后组建军队以保卫土地及攻打敌人，当任务完成后即告胜利。
,138, Xdemineur,Xdemineur是一款扫雷游戏，玩家需要在最短的时间内根据点击格子出现的数字找出所有非雷格子，同时避免踩雷。Xdemineur考验的是玩家的智商，规则简单明了，非常适合在您休息之余、无聊之时轻松一下。
,139, Xnp2,Xnp2是一款PC98模拟器，可以完美运行日本PC98电脑上的各种经典游戏。Xnp2支持大多数游戏ROM，定制功能详尽而丰富。xnp2的使用非常简单，可以支持HDI和FDI格式的文件。
,140, Yabause,Yabause是一款世嘉土星的游戏模拟器，游戏玩家非常容易上手。Yabause支持手柄操作，并且您还可以对手柄键位进行设定。使用Yabause模拟器，您就能够在电脑上重温曾经那些经典的游戏啦！
,141, Zero Ballisctics,Zero Ballisctics是一款多人在线的3D坦克大战游戏，它操控简单，玩家在游戏中可以进行水平设置、选择多种主武器和二级武器，运用六中不同的技能，另外还可以选择三种游戏模式，整个对战游戏过程有一种身临其境的感觉。
图形图像,142, 泼辣修图网页版,泼辣修图是一款免费在线图像处理软件，用户无需下载该软件，输入网址即可使用。泼辣修图提供多种图像调整方式，支持高像素图像处理，并且可以直接导入RAW文件进行处理等。
,143, 美图秀秀网页版,美图秀秀网页版继承了美图秀秀软件版简单易用，功能强大的特点，让您不用下载也能制作出属于自己的美图。美图秀秀网页版可轻松使用海量的饰品、边框、场景素材以及图片特效等，使您的图片美轮美奂!
,144, Pixlr Editor网页版,Pixlr Editor是一个在线图片编辑工具，与PhotoShop非常相似。借助Pixlr Editor，您可以快速的编辑照片、进行简单的图片处理，轻松的制作出非常精美的图片。做好的图片可以直接儲存成JPEG、PNG、BMP或PXD等格式，相当实用、方便。
,145, Gravit网页版,Gravit是一款在线设计封面的工具，它具有设计工具的常用功能。可以自己创建工作区以及从模板中选择素材来生成图片，对已保存的图片，可以搜索定位、文件排序、共享协作处理、导出图片等，还可以通过公共设计素材、设计师作品、组织机构中获取设计灵感。
,146, Blender,Blender是一款三维动画制作软件，提供从建模、动画、材质、渲染到音频处理、视频剪辑等一系列动画短片制作解决方案。有了Blender后，喜欢3D绘图的玩家们不用花大钱，也可以制作出自己喜爱的3D模型了。
,147, BricsCAD,BricsCAD是一个功能强大的CAD平台，具有快速创建技术图纸、平面图和布局、标注设计，使用功能强大的工具来直接实体建模并同时保留了导入时的设计意图。在云端实时查看、标注和修改DWG ，为所有不同行业的领域使用或开发第三方应用程式。
,148, Darktable,Darktable是一款专业的照片管理及后期处理的图形工具，它提供摄影师一个虚拟的Lighttable和暗室，用于管理您的数码底片，通过Lighttable 查看原始图像并进行编辑。
,149, 深度截图,深度截图是深度科技团队开发的一款精巧截图软件，它具有智能窗口识别、快捷键支持、图片编辑、延迟截图、社交分享、智能保存、调节图像分辨率等功能。
,150, digiKam,digiKam是一款跨平台的数字照片管理软件，它支持大多数图像格式，可以按日期、时间或标签来整理图片，同时还可以对图像添加标题和评语、编辑、预览、扩展等。
,151, Gcolor2,Gcolor2是一个颜色选择器，可以通过Gcolor2本身所提供的色圈来拾取颜色或直接拾取屏幕上任意位置的颜色，而且可以将拾取的颜色保存下来作为素材供后续使用。
,152, GIMP,GIMP是一款跨平台的图像处理软件，支持BMP、GIF、JPG、PNG等格式的图像处理。GIMP支持绝大多数的PhotoShop插件，既可以作为简单的画图工具，又可以作为专业的照片处理工具，包括照片润饰、图像合成、图像格式转换等。
,153, Ginkgo CADx,Ginkgo CADx是一款医学数字影像和通讯文件的查看和转换软件，提供DICOM标准医学图像文件的浏览功能，支持将 PNG、JPEG、BMP、PDF、TIFF文件转换成DICOM文件。
,154, Gpick,Gpick是一款功能丰富的颜色选取器，通过它您可以获取任意网页上的颜色代码，并且还支持从本地图片获取颜色代码，支持十六进制、RGB 及HSL等颜色代码格式。Gpick可以将拾取的颜色导出为调色板，支持 gpl、ase、mtl 等格式，以供GIMP、Inkscape 等程序使用。
,155, GPicView,GPicView是一款小巧、简单、快速的图像查看器，它包含图像查看的导航 、缩放 、旋转 、保存以及删除等功能。
,156, Gwenview,Gwenview是一个图片浏览和管理软件，其主要是以文件夹的方式来管理图片，它具有图片编辑、修改、重命名、移动等功能以及通过缩略图、幻灯片的方式查看图片信息。还可以读取tar/zip压缩包中图像文件以及通过插件来扩展功能。
,157, HotShots,HotShots是一款易于使用的屏幕捕获工具，允许用户全屏捕捉，部分捕捉，以及窗口截图。HotShots能够将截图按照预设值保存为 PNG、BMP、 PBM等格式。同时，HotShots内置了强大的注释功能，能够对已截图片进行直线、圆、文字、箭头、折线、高光等图示注释。
,158, Inkscape,Inkscape是一款矢量绘图软件，支持形状、路径、文本、标记、变换、渐变等SVG特性。它除了可以绘制基本的点、线、面、矩形、曲线，还可以进行三维颜色的填充等，支持JPG、PNG、TIFF等多种图片格式。
,159, KIconEdit,KIconEdit是一款图标编辑软件，它包括常用绘图工具、颜色选择器、撤销 / 重做、自定义模板和图标大小、读取和保存位图格式等功能。
,160, KolourPaint,KolourPaint是一个功能强大的绘图软件，拥有友好的操作界面，支持PNG、JPG、TGA、GIF、BMP等图片格式。KolourPaint拥有平衡、浮雕、柔化与锐化等多种图片处理效果，并且可以进行简单的图片编辑，例如放大/缩小、剪裁、旋转等。
,161, Krita,Krita是一个位图形编辑软件，其中包含绘画程序和照片编辑器，它具有多标签浏览文件、支持HDR绘图、支持3D材质及图像等功能。
,162, LightZone,LightZone是一款数码图象编辑工具，它支持常见TIFF、JPEG、DNG格式外，还支持主流品牌相机的RAW文件，它具有减少高ISO数字图象的噪声，选择性地削尖或模糊图象，去除斑点等功能。
,163, MyPaint,MyPaint是一个图像绘画工具，操作非常简单。MyPaint内置了57个笔刷，支持手绘板，并且拥有无限尺寸的画布。借助MyPaint您可以绘出各种非常有意境的图片，并且保存为PNG等图片格式。
,164, PhotoQt,PhotoQt是一款图片浏览工具，支持超过80种文件类型。除了图片查看功能，PhotoQt还提供旋转，缩放等图片操作功能和重命名、删除、移动等文件管理功能。PhotoQt同时还支持自定义键盘和鼠标快捷键、缩略图缓存、图片幻灯片等。
,165, Phototonic,Phototonic是一个图片浏览管理工具，运行也非常快速。Phototonic支持多个缩略图布局，并且支持GIF、JPEG、PNG、SVG等多种图片格式。借助Phototonic您可以对图像进行任何角度的旋转，操作十分简单。
,166, 泼辣修图,Polarr是一个智能图片处理工具，具有色温调整、区域色调系数、饱和度，动态清晰度、色道调整、色彩曲线和倾向等功能，其目的是打造专业级的图片处理引擎，通过该工具来创作最佳的图片效果，让你拍摄的图片拥有独特的艺术风格。
,167, RawTherapee,RawTherapee是一款RAW格式转换软件，处理效果堪比Adobe Lightroom，为用户提供了数字图像的编修功能，支持RAW、TIFF、PNG与JPEG格式的图像。同时还具有曝光调整、高光还原、设置亮度/对比度/饱和度、批处理等功能。
,168, Shotwell,Shotwell是一款轻量级的图片管理软件，您可以使用它来从数码相机中导入相片。shotwell允许用户对图片进行管理，并且提供了一些基本的编辑功能，您可以对图片进行剪裁并分享给朋友们。
,169, Shutter,Shutter是一款广受欢迎的截屏软件，功能十分强大。Shutter可以让您选择桌面的任意区域、指定应用窗口或者整个屏幕区域来进行截屏，同时选定区域之后依然可以通过上下左右拖动来改变选区大小。此外，Shutter也提供了图片的编辑功能，包括基本的选定，添加文字注释等。
,170, Synfig studio,Synfig Studio是一套功能强大的2D矢量动画制作软件，让您可以制作出高质量的动画作品。Synfig Studio可以进行软件渲染，同时有大量的即时特效可套用于图层或图层群组。Synfig Studio不仅可以满足工业强度的动画创作需要，而且能够制作出电影质量级别的动画。
,171, Viewnior,Viewnior是一个图片查看器，其中包括全屏显示/幻灯查看、旋转/翻转/裁剪图像、动画支持、将图像设置为壁纸、可配置鼠标操作等功能。具有轻快、优雅的特点。
,172, XnConvert,XnConvert是一款多功能图像批处理工具，可以轻松的实现图像格式的转换、缩放图像比例、添加滤镜特效、水印、重命名等功能，支持JPG、PNG、TIFF、GIF、RAW等图片格式。
,173, XnRetro,XnRetro是一款非常好用的图片特效处理软件，它能够帮助用户将照片快速地制作、处理成复古的效果。XnRetro为用户提供了20种颜色效果和28个精美的边框，而且用户还可以调整亮度和对比度，可以设置暗角，还能够支持保存和共享。
,174, XnSketch,XnSketch是一款图片处理应用，能够添加效果将任意图片转换成卡通或素描的风格，该软件包含了水粉，素描，水彩，油画，炭笔等多种种精选特效，支持用户进行设置边缘强度、透明度、亮度、饱和度、对比度等效果，支持一键分享成果到社交软件。
,175, XnView MP,XnView MP是一款非常棒的图像查看工具，支持150种图片格式。 除一般的查看、浏览、幻灯显示等功能外，XnView MP还自带30多面滤镜，方便编辑修改。XnView MP可以批量转换文件格式，创建缩略图并生成网页，您还可以自己制作GIF，非常的小巧、实用。
互联网应用,176, aMule,aMule是一个开源免费的P2P文件共享软件，基于xMule和lMule，它支持NETBEUI、IPX/SPX、TCP/IP常用协议，还支持eDonkey和KAD网络协议。
,177, 360云盘网页版,360云盘是奇虎360公司推出的在线云储存软件，为广大普通网民提供大容量的文件存储、备份、传递和共享服务。360云盘除了提供最基本的文件上传下载服务外，还提供文件实时同步备份功能。
,178, 谷歌云端硬盘网页版,谷歌云端硬盘是一个在线云存储服务网盘，可以通过它进行创建、分享、协作各种类型的文件，具有强大的搜索、跟踪修订记录功能，同时还可以共享文件或文件夹，整合Google多项服务。
,179, Gmail网页版,Gmail是一款免费的网络邮件服务工具，它提供邮件推送、邮件搜索、根据群组查看邮件、多用户账号使用、星号标识、标签等功能。
,180, 谷歌地图网页版,谷歌地图是Google公司提供的电子地图服务，包括局部详细的卫星照片。此款服务可以提供含有政区和交通以及商业信息的矢量地图、不同分辨率的卫星照片和可以用来显示地形和等高线地形视图。
,181, OneDrive网页版,OneDrive是一个云存储网盘工具，它提供文件自动备份，在线创建、编辑和共享Office文档、分享指定文件，同时还整合Microsoft旗下的多项服务。
,182, Outlook网页版,Outlook是一个用于管理时间和信息、进行跨边界连接以及控制您收到的信息的集成解决方案。可以用它来收发电子邮件、管理联系人信息、记录日记、安排日程、分配任务。使用Exchange ActiveSync连接Outlook，您将通过电子邮件服务器和服务接收到基于推送服务的电子邮件、约会安排和联系人，让您快速和您至关重要的人员和群组联系并共享文件。
,183, 微云网盘网页版,微云是腾讯公司为用户精心打造的一项智能云服务， 您可以通过微云方便地在手机和电脑之间同步文件、推送照片和传输数据。同时微云还具有文件管理、云笔记管理和分享等功能。
,184, SkyInc网页版,SkyInc是一款基于地理位置的天气预报软件，它可以自动定位到您所在的城市。SkyInc根据您的地理位置来预报当地的天气情况、温度、湿度、紫外线强度等，同时您还可以自由更换背景图片。
,185, Vuze,Vuze是一款Java语言实现的Torrent下载软件，支持多国语言，您可以在软件界面中管理多个下载任务，具有实时统计下载详情、设置下载管理规则、设置和建立torrent等功能。
,186, BCloud,BCloud是一款Linux下的百度网盘客户端，支持本地视频播放软件播放网盘中的文件、拖拽文件完成上传和下载、分享以及离线下载等功能。
,187, ClipGrab,ClipGrab是一个下载网站视频和转换的工具，它可从Youtube、Vimeo、Dailymotion等网站下载视频，同时还可以将下载的视频转换成WMV、MPEG等格式，轻松整理你最喜欢的影片。
,188, CrossFTP,CrossFTP是一款FTP客戶端工具，它支持多标签管理、Unicode/中文编码、站点管理/加密、文件远程备份、文件本地和Web搜索、自动重连、命令控制等功能。
,189, Deluge ,Deluge是一个BitTorrent客户端软件，它支持插件管理、种子交换、下载限速以及多个线程同时下载、文件预览、选择下载目录、队列管理资源等功能。
,190, Dropbox,Dropbox是一款实用且免费的云存储软件，它支持本地使用、云端存储、多个平台之间同步操作、图片和视频便捷分享，同时还支持同步、备份或共享文件资料。
,191, Evolution,Evolution是一款电子邮件和日程安排工具，为用户提供了一整套高效的个人和工作组信息管理方案，多年来一直深受Linux用户的好评。通过它您可以阅读和发送E-Mail，管理个人联系簿，在线创建和确认群组会议等。
,192, FileZilla,FileZilla是一个快速可靠的、跨平台的FTP、FTPS和SFTP客户端。它具有断点续传、超时侦测、SSL加密、多国语言、多标签界面、多协议支持、远程查找文件、站点管理和传输队列管理等功能。
,193, FlareGet,FlareGet是一个跨平台的下载管理器和加速器，它支持多个线程同时下载、多种浏览器集成、抓取网页上视频等功能，同时还支持云存储服务。
,194, FrostWire,FrostWire是一个P2P文件共享软件，它支持在互联网上搜索、下载用户分享的各种文件，包括视频、照片、游戏、文件等。FrostWire可以直接播放下载的视频，还具有服务器代理、下载询问和预览等功能。
,195, Geary,Geary是一款桌面电子邮件客户端程序，它支持基本的查看和撰写、预览、回复等电子邮件基本功能，同时还支持IMAP协议，可以使用Google、 Yahoo和Microsoft等其他在线邮箱服务。
,196, gFTP,gFTP是一个FTP客户端工具，它支持多个线程同时下载、断点续传、支持FTP、HTTP和SSH协议、支持FTP和HTTP代理，还可以下载整个目录、支持文件队列、缓存、拖拽等操作。
,197, Haguichi,Haguichi是一款P2P文件传输软件，它能够让使用者穿透防火墙或NAT、VPN 等网路环境，同时还可以连接一个虚拟的网路群组，与群组中的电脑进行文件的分享。
,198, MEGA,MEGA是一个加密存储网盘，能够将电脑网盘文件夹内的文件自动同步到云端。您可以用来上传下载数据，MEGA注册后便可免费获取50GB的云端储存空间，永久有效。
,199, Midori浏览器,Midori是一个轻量级的网页浏览器，它全面整合GTK+2和GTK+3，还使用和Safari一样的WebKit引擎，具有分页浏览、会话管理、书签收藏、搜索、用户脚本和样式支持、扩展等功能。
,200, 坚果云,坚果云是一款便捷、安全的云存储产品，它支持全平台自动同步、协助办公、文件时光机、文件智能增量同步、加密备份、局域网同步加速、一键URL分享等功能。
,201, NitroShare,NitroShare是一个局域网文件传输工具，通过拖拽操作来实现局域网内文件的快速分享，配置也十分简单。它还具有自动发现局域网的设备、传输单个文件或传输整个目录文件、界面化操作等功能。
,202, ownCloud,ownCloud是一款用来创建私有云服务的工具，可以完全掌控数据，能在纯局域网内使用。支持文件预览、版本控制、链接分享，还可以加载第三方储存、API 支持等，服务器端与客户端均全平台支持。
,203, Pale Moon,Pale Moon是一款基于Firefox（火狐）浏览器优化而成的浏览器，它不仅优化了Firefox源代码的编译过程，还对功能进行了进行挑选，添加了多种firefox扩展，使其更加适用于新手，可以自定义界面元素和主题，支持HTML5和CSS3。
,204, qBittorrent,qBittorrent是一个轻量级BitTorrent客户端，它支持文件上传/下载、支持DHT网络、数据交换、文件选择性下载、预览媒体文件、支持Unicode、支持代理连接、远程控制等功能。
,205, QupZilla,QupZilla是一款功能丰富的浏览器，它支持原生外观、书签、历史记录（有侧栏）、RRS订阅、标签页和内置广告拦截插件等功能。
,206, Remmina,Remmina是一个远程桌面客户端，它提供了RDP、VNC、XDMCP、SSH等远程连接协议的支持。其优点在于界面清爽，方便易用。
,207, Seafile,Seafile是一个开源、专业、可靠的云存储平台，提供在线预览、编辑、对比更改、还原文件、消息通信、群组讨论等功能，同时还可以解决文件集中存储、共享和跨平台访问等问题。
,208, 雷鸟邮件,雷鸟邮件是一个邮件客户端，支持IMAP 、POP邮件协议以及HTML邮件格式，可以整合多个网络邮箱于一体，让您在本地随时都能接收或者发送邮件。
,209, Transmission,Transmission是一个BitTorrent客户端软件，它支持速度限制、制作种子、远程控制、磁力链接、数据加密、损坏修复、数据来源交换等功能。
,210, UGet,Uget是一个下载管理器，它支持断点续传、监视剪贴板、Firefox插件、分类/批量下载，还支持从HTML中导入下载地址、命令行下载等功能。
,211, Vivaldi,Vivaldi是一款极速浏览器，支持英语、日语、法语、俄语等近10种语言。Vivaldi浏览器的布局与Opera浏览器非常相似，拥有不少Opera的功能，例如快速拨号界面、滑鼠手势等。另外，Vivaldi允许用户在屏幕截图上添加笔记。
,212,  Xtreme Download Manager, Xtreme Download Manager是一个P2P文件下载软件，它具有带宽控制系统、上传下载传输速度控制、下载管理智能化、积分系统、强力分享能力、支持DLP、支持多线程和队列管理、自动调节路由器设置等功能。
,213, Yandex,Yandex是一款免费的浏览器，来自自俄罗斯最大的搜索引擎Yandex，在国外拥有众多的用户，具有界面简洁、浏览速度快、集成快速搜索、涡轮加速等功能，在网速缓慢的情况下，加快网页的加载速度。
 音乐,214, Amarok,Amarok是一款音乐播放器，有着非常漂亮的外观和强大的播放功能，同时也有很好的中文tag支持，并且可以在播放的时候最小化到托盘。
,215, 酷狗音乐在线播放器网页版,酷狗音乐在线播放器为用户提供最新、最快、最全的音乐资源在线收听服务。通过酷狗音乐，您可以快捷、安全的实现高音质音乐文件的共享下载，让您邂逅喜爱的音乐！\t
,216, 天天动听网页版,天天动听网页版是集播放、音效、搜索、下载等众多功能于一身的音乐播放器，可以方便用户在PC上的音乐需求。天天动听网页版支持歌词和歌曲图片下载，支持帐号登录，同时还支持皮肤切换，让您不用安装播放器就可以欣赏优质音乐。
,217, Undrtone网页版,Undrtone是一个社交化的在线音乐应用，您可以直接点击播放歌曲或搜索、添加自己喜欢的音乐。同时Undrtone还具有点赞、分享功能。
,218, 豆瓣FM网页版,豆瓣FM是一款由豆瓣开发的个性化的音乐收听工具。在收听的过程中，用户可以用“红心”、“垃圾桶”或者“跳过” 告诉豆瓣FM用户的喜好。豆瓣FM将根据用户的操作和反馈，从海量曲库中自动发现并播出符合用户音乐口味的歌曲。
,219, Ardour,Ardour是一款数字音频编辑工具，它拥有一个强大的调音台，并且支持多通道的录音。您可以使用它来制作自己的CD，或者录制、编辑、混合多轨音频，尝试各种新想法！
,220, Audacious,Audacious是一款音乐播放器，与其它播放器的不同之处在于，它除了支持UTF-8字符集之外，还提供对其它字符集的支持，这样能很好的解决中文乱码的问题。同时，Audacious可以通过丰富的插件扩展来满足不同的个性化需求。
,221, Audacity,Audacity是一款声音编辑软件，主要用于录音和编辑音频。audacity有着傻瓜式的操作界面和专业的音频处理效果，包括回声、更改节拍、减少噪音等。而且，Audacity具有的剪辑、复制、混音与特效功能，更可满足一般的编辑需求。
,222, DeaDBeeF,DeaDBeeF是一款跨平台的音频播放器，其最大特点是原生支持ape、cue格式的音频文件。DeaDBeeF的界面风格与fooobar2000相似，简洁高效、支持多种音频格式，包括mp3、wma、wav、ogg、aac、flac 等。
,223, 深度音乐,深度音乐是深度科技团队开发的一款美观易用的音乐播放器。深度音乐不仅可以播放本地音乐，还可以通过强大的插件扩展功能来获取海量的在线音乐资源。其自带的音频格式转码功能，更能让您畅听无极限！
,224, EasyTAG,EasyTAG是一款音乐文件标签编辑工具，它支持MP3、MP2、MP4/AAC、FLAC和Ogg Opus等格式，它可以编辑的文件标签包括：标题、艺术家、专辑、年份、曲目编号和评论等。
,225, Foobnix,Foobnix是一个偏向于网络应用的音乐播放器，可以支持Last.fm等网络音乐社交网站。另外，在Foobnix上您可以通过搜索获取大量的在线音乐，你可以直接在线播放，也可以下载下来进行本地播放。
,226, Google Play Music Desktop Player,Google Play Music Desktop Player是一款音乐播放器，占用电脑资源极少，支持自定义颜色、更改主题、自定义快捷键、手动选择音频输出设备，内置音频均衡器，甚至还能够支持键盘上的多媒体快捷操作按键，包括播放、暂停和音量增减。
,227, Cadencii,Cadencii是Vocaloid、pocaloid及UTAU的辅助软件，主要功能是生成SMF格式的MIDI文件用于与domino交流，方便调音曲线。Cadencii作为辅助工具，可以很好的把V1、V2与UTAU结合在一起，尤其是完善了UTAU的使用。
,228, LMMS,LMMS是一款跨平台的音乐制作软件，受到广大音乐制作爱好者的青睐。您可以通过自己的电脑来制作音乐，其中涉及创建歌曲，节奏，合成或混合声音以及编排旋律等，此外，LMMS还集成了许多的预制乐器。
,229, Lollypop,Lollypop是一款很有特色的音乐播放软件，支持所有常见的音频格式。Lollypop具有超强的音乐搜索功能，可以让您快速定位到要查找的歌曲。您可以将自己喜欢的歌曲收藏起来，随时随地的播放。
,230, Mixxx,Mixxx是一款专业性极强的DJ混音软件，可以使用一台电脑将独立的音乐混合在一起。Mixxx支持先进的MIDI DJ控制器，可以用来制作现场DJ混音。不论您是DJ高手还是入门的菜鸟，Mixxx都能助您一臂之力！
,231, Kreogist Mu,Kreogist Mu是一个音乐管理中心，支持播放WAV、MP3、AAC、M4A等有损或无损音乐格式，读取WMA、FLAC、WAV等格式的标签信息。还支持导入导出iTunes等格式的播放列表，同时还具有无缝语言切换、歌曲预览等功能。
,232, MusE,MusE是一个MIDI/音频的音序器，具有两个全自动化的MIDI和音频。MusE拥有众多的MIDI编辑器，包括钢琴卷，评分编辑器和鼓等，支持LADSPA和DSSI插件，并且可以实时编辑MIDI和音频。
,233, Musescore,MuseScore是一套作曲写乐谱工具，透过MuseScore的协助，您可以谱出属于您的五线谱，更可以输出包含PDF、PNG及MIDI等格式的文件，让您轻轻松松就可以制作与列印出漂亮美观的五线谱。除此之外，MuseScore 还具有混音器、段落抽取和装饰音等功能。
,234, 网易云音乐,网易云音乐是一款专注于发现与分享的音乐产品，依托专业音乐人、DJ、好友推荐及社交功能，在线音乐服务主打歌单、社交、大牌推荐和音乐指纹，以歌单、DJ节目、社交、地理位置为核心要素，主打发现和分享。
,235, Nightingale,Nightingale (ngale) 是一款音乐播放器，支持几乎所有的常见音乐格式，可以直接搜索并播放在线音乐资源，也可以将在线音乐下载到本地播放，支持插件扩展，通过选择和安装插件打造更适合自己的音乐播放器，使用Last.FM插件来跟踪你的收听习惯，然后分享给你的好友。
,236, Ocenaudio,Ocenaudio是一款跨平台的音频编辑软件，可以对长达数小时的音频文件进行即时的剪辑操作。其美观、统一的界面风格，实时的效果预览功能，让用户可以得心应手的处理音频文件。
,237, Piano Booster,Piano Booster是一个标准Midi文件播放器，并允许您更改播放的速度和移调音乐，让你沿着一个Midi钢琴键盘与屏幕上显示的滚动音符上播放。按下键盘上的音符将出现作为五线谱，其颜色取决于你是否已按正确的或错误的音符彩色线条。
,238, Pithons,Pithons是一款Pandora电台的客户端，它提供了一个轻量级的界面以替代Pandora.com的网页客户端。Pithons的用户界面上已经集成了播放快捷键、通知中心以及声音菜单等，让您轻轻松松就能收听到Pandora音乐。
,239, Qsynth,Qsynth是Fluidsynth的GUI前端应用，Fluidsynth是一个基于Soundfont规范的命令行软件合成器。Qsynth是使用 Qt设计器的Qt4工具包来构建的，帮助用户控制和管理softsynth ，但现在仅用来包装优秀的Fluidsynth程序。
,240, Rhythmbox,Rhythmbox是一个音乐播放和管理应用，它可以播放各种音频格式的音乐管理收藏的音乐。同时还具有音乐回放、音乐导入、刻录音频CD、显示专辑封面、显示歌词、DAAP共享等功能。
,241, Sayonara Player,Sayonara Player是一款音乐播放器，除了常用的播放功能外，还具有漂亮的界面，能轻松的读取任何格式音乐文件，同时具有体积小、占用内存小、功能强大等特点。
,242, Sound Converter,Sound Converter是一款实用 的音频转换工具，能互相转换不同声音文件的格式。Sound Converter可以将大多数音频格式方便的转换成 ogg、flac、mp3 或者 wav 文件，还可以按照ID3信息给转换后的歌曲重新命名。
,243, Soundnode App,Soundnode App是一款音乐播放器应用，除了简洁的播放界面和常用的播放功能之外，还具有搜索本地新歌曲、通过各种方式播放歌曲、将歌曲并保存到你喜欢的播放列表、关注/取消关注的用户等功能。
,244, Spotify,Spotify是一种专有的P2P音乐流媒体服务，允许用户收听点播曲目或专辑。Spotify可以提供800万首的正版音乐的免费点播。“Spotify热”正在全球各地蔓延开来，通过Spotify您不需要花费一分钱，便可以在线收听到海量的正版音乐。
,245, TuxGuitar,TuxGuitar是一个吉他谱和五线谱打谱应用，它支持gp2、gp3、gp4、gp5以及TuxGuitar等文件格式。同时还可以将吉他谱导出为ASCII谱、Lilypond、MIDI文件、MusicXML、PDF等文件，还自带在线吉他谱社区，用户可以在社区里查找他人上传的吉他谱，也可以注册账号后自己上传作品。
,246, Vk Audio Saver,Vk Audio Saver是一款搜索和下载音乐的应用，只要复制浏览器链接地址并粘贴到应用程序的搜索框中。在搜索结果的列表中，您可以下载、收藏、添加到播放列表，同时还可以直接点击播放、设置播放模式等。
,247, VMPK,VMPK是一个虚拟MIDI钢琴键盘应用，可以在其他设备或MIDI文件播放器中使用虚拟MIDI钢琴键盘显示播放MIDI音符，同时发送变化的程序和控制器到MIDI合成器中。定义不同的标准提供设备使用。还可以内嵌于网页中、视听训练、作曲辅助等。
 办公,248, AbiWord,AbiWord是一款功能完备的高效文字处理软件，提供了强大的文字处理功能，非常适合处理文书、信件、报告、备忘录等常用办公文件，并且可通过各种插件进行扩展，使AbiWord能与其他格式的文件进行交互。
,249, 百度脑图网页版,百度脑图是一款强大的在线思维导图编辑器，无需安装即可使用。而且支持 XMind、FreeMind 文件的导入和导出，也能导出 PNG、SVG等格式的图像文件和xmind、mm等常用的思维导图文件。百度脑图还具备分享功能，编辑后可在线分享给其他人浏览。
,250, Gliffy Diagrams网页版,Gliffy Diagrams是一款在线图表绘制工具，是Chrome的应用套件之一，并且可以离线使用。Gliffy Diagrams可以让您轻松制作流程图、网站地图、组织架构图以及商业模型图。您可以通过谷歌网盘将制作好的图表上传到云端空间，随时同步处理。
,251, 够快网页版,够快网页版是一个提供文档协作、共享及统一管理服务的平台，它可以实现文件在线预览、上传、下载、分享和重命名功能。
,252, 谷歌文档网页版,谷歌文档是一套在线办公平台，它可以让用户通过网络协同编辑、处理和搜索文档、表格、幻灯片和表单，无需配套安装官方客户端软件，可以进行存储空间扩展，支持DOC、XLS、PPT、CSV等格式。
,253, MindMup网页版,MindMup是一个在线的思维导图工具，旨在帮助用户方便快捷的制作形象生动的思维导图，除了基本思维导图的功能，它还具有免费云存储、导入/导出以及分享等功能。
,254, Microsoft Office 网页版,Microsoft Office Online是一个办公文档协同工作平台，它可以让用户通过Office Open XML格式在线创建、编辑和共享文档、电子表格和演示文稿，同时也支持用户使用本地Office程序与他人协同处理Office文件。
,255, Smallpdf网页版,Smallpdf是一款在线PDF处理工具，不用下载或安装软件，您就可以在浏览器上轻松处理各种PDF文件。Smallpdf支持 Word、Excel、PPT、JPG格式的文件转PDF。除此之外，Smallpdf还具有PDF分割、PDF合并、PDF压缩以及PDF解密等功能。
,256, Smartsheet网页版,Smartsheet是一款在线的项目管理和协作工具，它主要帮助管理公司的各种项目。Smartsheet的用户界面专为那些经常要和Excel表格打交道的人员设计，让他们可以直接在电子表格里进行数据的协作。
,257, 有道云笔记网页版,有道云笔记是网易有道推出的云笔记软件，旨在以云存储技术帮助用户建立一个可以轻松访问、安全存储的云笔记空间。有道云笔记支持多种附件格式，拥有2G容量的初始免费存储空间，能够实时增量式同步，方便用户更好的对个人资料和信息进行跨平台跨地点的管理。
,258, 石墨文档网页版,石墨文档是一款轻便、简洁的在线协作文档工具，支持多人同时对文档编辑和评论，让用户轻松完成协作撰稿、方案讨论、会议记录和资料共享等工作。
,259, mindmaps网页版,mindmaps是一个在线的思维导图工具，采用HTML5、CSS3、JavaScript 技术开发，它可以创建无限层次分支，而且层级之间是相互联系的，同时提供复制/剪切，撤消/重做，将文档以JSON格式存储等功能。
,260, ChmSee,ChmSee是一个在Linux下阅读CHM格式帮助文件的软件，对中文支持良好，目前支持简体和英文编码的CHM文件。chmsee具有与Firefox类似的分页浏览标签，能够自动检测编码，可以收藏书签，以及设置字体等。
,261, FocusWriter,FocusWriter是一款写作软件，为了让您的写作空间尽可能的多且不受打扰，FocusWriter将几乎所有的工具栏都自动隐藏在屏幕边缘。利用FocusWriter写作便利流畅，您还可以设置闹钟和每日任务，非常适合撰稿人、小说写手、剧本作家使用。
,262, GeoGebra,GeoGebra是一个动态数学应用，包含了几何、代数、表格、图形、统计和微积分。这些绘图元素均可在创建后直接在屏幕或使用命令动态改变，还可以完成大量初高等数学中的绘图工作，提供各级教育使用。
,263, To Do,To Do是一款个人任务管理软件，它通过桌面应用实现任务的创建、任务的规划、任务的分级显示以及任务的颜色标识等功能。
,264, Gnumeric,Gnumeric是一款电子表格处理软件，操作方式与Excel非常相似。Gnumeric能够导入导出多种数据格式，支持包括中文在内的多种语言，并且可以自定义扩展行列数。
,265, GWrite,GWrite是一款轻量级HTML编辑工具，通过它您可以快速编辑文档并保存为HTML格式。gwrite支持以标题样式来制作目录，极大简化了排版操作。而且，gwrite拥有类似Word的导航栏和文档结构图，可以让您轻松完成输入和编辑。
,266, Haroopad,Haroopad是一款Linux平台下的markdown编辑器，它在两侧分别显示代码编辑窗口和预览窗口，具有丰富的主题样式、支持语法高亮显示和LaTex数学公式，还可以导出将文档以邮件形式发送到Tumblr和Evernote。
,267, KWrite,KWrite是一款程序员非常喜欢的文字编辑器，支持中文显示和输入。KWrite最主要的功能特征是它能对许多程序语言的语法彩色化，如 C/C++、Java、Python、Per、Bash、HTML等。
,268, Leafpad,Leafpad是一款简易文本编辑器，软件本身十分轻巧，具有操作简单、启动快速的特点。leafpad支持包括UTF-8在内的多种编码类型，可以自动缩进和显示行号。此外，它还可以自动识别编码，有效的避免乱码情况。
,269, LibreOffice,LibreOffice是一款功能强大的办公套件，可用于文本文档、电子表格、演示文稿、绘图、数据库以及数学公式编辑和处理，libreoffice拥有强大的数据导入和导出功能，能直接导入PDF文档、微软Works，支持主要的OpenXML格式。
,270, LyX,LyX是一款利用LaTeX来排版的文件编辑软件，其强大的文档格式处理能力，让用户可以方便的进行文件排版。Lyx拥有良好的图形操作界面，可以导入/导出各种常用的文本格式。在Lyx中您只需要专注于正在编写的内容， 其他的事情就交给Lyx吧！
,271, Nixnote,Nixnote是一个Evernote第三方客户端，它支持通过Evernote账户同步你的笔记等各种数据，同时加入对LaTeX的支持，在笔记中加入漂亮的公式，整理记录各种知识文献，摘录网页等操作。
,272, Notepadqq,Notepadqq是一套纯文字编辑器，与Notepad++非常相似。Notepadqq除了可以用来制作一般的纯文字说明文件，也十分适合当作编写电脑程序的编辑器。Notepadqq支持语法高亮显示，具有搜索、查找/替换、分屏、书签、代码折叠等功能。
,273, Open365,Open365是一款Office文档处理软件，支持在线创建和编辑、云同步等功能，默认支持20G云存储工具，注册帐号后并登录平台，会列出目前所有的文档内容，支持创建文件夹，所支持的文档格式有docx、xlsx、pptx、JPG、PNG、音视频格式。
,274, Planner,Planner是一款跨平台的项目管理软件， 界面清晰易懂。Planner能够很好的对项目中的所有进度进行管理和控制，帮助您实现项目管理的专业化和规范化。另外，Planner还可以通过简单的视图来阅读复杂的工作安排，给您的日常办公带来方便！
,275, 深度云打印,深度云打印是由武汉深之度科技有限公司开发的一种新型打印解决方案，它可以将您的打印机连接到网络，借助深度云打印，您可以通过日常使用的应用程序进行网络打印。同时深度云打印适用于台式机、笔记本电脑、部分平板电脑以及其他所有您已授权打印的联网设备。
,276, QtiPlot,QtiPlot 是一款科学绘图软件，界面、操作系统与Origin类似，可以用于制作二维和三维的数据图表，并具有许多诸如曲线拟合、傅立叶变换这样的数据分析功能。
,277, RedNotebook,RedNotebook是一款日记本的应用程序，它包含一个日历，支持自定义模板，可以输入内容、添加标签等，同时支持标签云来管理和整理您的日记、便签等。还支持搜索、导出、在日记中插入图片，链接、自动保存等功能。
,278, Scan Tailor,Scan Tailor 是一个用于扫描件的后期处理软件，通过原始扫描，Scan Tailor可以打印或输出PDF或DJVU格式的文件。您可以通过Scan Tailor执行包括页面拆分、倾斜校正、添加/删除边界、去除杂点等操作。
,279, Scilab,Scilab是一个为工程和科学应用量身定做的数值计算软件，已经广泛应用于教育和工业环境中。Scilab拥有成百可以与许多程序语言进行交互的数学函数、精巧高级的数据结构、高水平的程序设计语言和解释器等。
,280, 打印机,Printers是一款用于配置系统打印机服务器的工具。它支持大多数打印机的使用，可以自动检测当前网络上的打印机，让打印服务变得更加便利。
,281, TagSpaces,TagSpaces是一款文档管理工具，可以帮助您使用标签进行文件的管理。TagSpaces支持给文件添加标签、标记颜色，可以自动将现在、明天、昨天、月、年信息以标签的形式添加进去。
,282, GNU TeXmacs,GNU TeXmacs是一个优秀的科学文档排版软件，您可以不通过编译直接导出为PDF格式的文件，也可以导入和导出为TeX、HTML格式的文件。其完全可视化的表格和公式编辑环境、结构化的浏览功能，将带给您真正的“所见即所得”的体验。
,283, Texmaker,Texmaker是一个LaTeX的编辑环境，已经集成了所需的开发工具，包括许多LaTeX文档，非常适合需要经常编辑LaTeX公式的人员。
,284, TeXstudio,TeXstudio是一个编写LaTeX文档的集成开发环境，它具有拼写和语法检查、代码折叠、扩展文本导航、代码自动完成以及语法高亮等功能，同时内置 PDF 阅读器、集成的浏览器等多种辅助工具。
,285, VYM,VYM是一款思维导图软件，安装非常简单，而且VYM的兼容性很好。目前，VYM作为FreeMind 的最佳替代品，可以用来帮助您整理思绪，透过将思路图形化、结构化，来使您的办公效率得到大大提高。
,286, 为知笔记,为知笔记是一款云服务笔记软件，同时它可以资料共享、沟通协作，还能帮您记录生活、工作点点滴滴，其中工作笔记和团队协作为重点关注方向。
,287, WPS Office,WPS Office是由金山软件股份有限公司自主研发的一款办公软件套件，可以实现办公最常用的文字、表格、演示等多种功能。免费提供海量的在线存储空间及文档模板、支持阅读和输出PDF文件、全面兼容Microsoft Office 97-2010格式。
,288, XMind,XMind是一款全球领先的思维导图软件，除了可以轻松绘制基本逻辑图之外，还支持结构图、树状图、思维导图、鱼骨图、二维图等模型。XMind可以将您的图形显示给他人，或者将图形内容导出到Powerpoint、Word中，令复杂的思想和信息得到更快的交流。XMind在企业和教育领域都有很广泛的应用。
,289, 一起写,一起写是一款在线云办公应用，拥有协同文档、表格、演示、表单、云盘等功能，可以多人在线协作编辑文档表格，文件全部保存在云端，用自己的账号可以方便的在不同设备访问，可以一键导入、导出、共享文件，云端自动保存编辑记录，支持微信、钉钉扫码登陆和分享，团队成员可以实时评论交流，一起写上的所有数据使用网银级加密，保证文档资料的安全。
 其他的软件,290, KCals网页版,KCals是一个卡路里记录工具，它会实时显示您的卡路里消耗量，从食物中获取的卡路里将添加到总数中，消耗的热量会从总数中减去。 同时它具有自动备份、数据同步共享、先进的搜索引擎、调节营养素比例、完整的营养信息、庞大的食品数据库、添加食物和运动类型等功能。
,291, BirdFont,BirdFont是一个免费的字体编辑器，它可以创建矢量图形以及TTF、EOT 和 SVG字体，同时还可以创建专属个性字体。
,292, DraftSight,DraftSight是一款专业的2D CAD制图软件，它具有查看、编辑、创建DWG、DXF、DWT文件等功能，还可以把图纸输出成PNG、BMP、JPG、PDF等格式。该版本需要您自行购买长期使用授权。
,293, FreeCAD,FreeCAD是一款通用的三维CAD建模软件，它能用于机械工程和工业产品设计，也适用于建筑设计等工程应用。其高度模块化的软件架构，可以允许用户进行各种扩展和定制。
,294, GnuCash,GnuCash是一款适用于个人或小型企业的财务软件，包含有收入支出记录、帐户管理、税务管理等，就像日常纸质账簿一样可以直观并且快速的使用，以确保平衡的账簿和精准的报表。
,295, HomeBank,HomeBank是一款小巧 、快速和易于使用的财务管理软件，可以帮助您管理财务数据，主要用于家庭或个人理财。HomeBank可以提供详尽的细节报告，强大的图形图表和过滤器功能，让您可以轻松而又详尽地分析自己的财务状况。
,296, KRuler,KRuler是一款制定屏幕分辨率规则和颜色测量的工具。其界面是一把彷真的黄色计量尺，您可以在显示屏幕上测量某两点间的长度，同时它采用的测量单位是可选的。
,297, LibreCAD,LibreCAD是一款2D的CAD绘图工具，可以提供DXF、JWW、DWG等格式的图形文件，也可以导出SVG、JPG、PNG等图片格式。LibreCAD操作简单，用户可以随意标注，绘图和修改，并且支持多种语言，可以满足不同的用户需求。
,298, GNU Octave,GNU Octave是一种高级编程语言，这种语言与Matlab兼容，主要用于数值计算。它提供了一个方便的命令行方式，可以数值求解线性和非线性问题，以及做一些数值模拟。
,299, QCad,QCad是一款2D计算机辅助画图软件，采用AutoCAD DXF文件作为其标准的文件格式，文件能够以多种格式输出。通过QCad用户可以很轻松的绘制工程图、室内设计图、机械图纸等一系列CAD图形。
,300, QElectroTech,QElectroTech是一款电路图绘制软件，旨在帮助您设计电气原理图。qelectrotech已经内置了多种电气电路的图像标志，您可以通过拖拉的方式来放置图标，简单且直观。使用qelectrotech来绘制电路图，将使电路设计的质量和效率得到大大提高。
,301, Room Arranger,Room Arranger是一款实时的模拟房屋设计布局的软件，它可以新建工程布置一个房间或者套房，可以自由添加、调整或移动。还可以添加多种对象，包括门口和窗户、橱柜、桌子和椅子、浴室以及卫生间、卧室厨房、楼梯、花园、车库等。同时对已有设计以3D方式进行预览。
,302, Scribus,Scribus是一款电子杂志制作软件，可以用来制作个人文件、邮件列表、电子杂志类型的电子文档，具有编写档案专业品质图像设置设备的能力，还可以创建动画和互动的PDF图像和形式。
,303, Stellarium,Stellarium是一款虚拟星象仪的计算机软件，是天文爱好者学习夜空知识，进行星空观测必备的辅助软件。stellarium拥有高清的画质，可以真实地模拟出肉眼、望远镜所看到的天空、虚拟出各种天文现象，绘制出各种星图等。
,304, Sweet Home 3D,Sweet Home 3D是一款家装辅助设计软件， 支持包括中文在内的16种语言。它能够帮助您通过二维的平面图来设计和布置家居，您在平面图上所作的任何更改都将会实时地显示在3D视图中。
 阅读,305, Calibre,Calibre是一个“一站式”的电子书管理软件，支持EPUB、MOBI、PDF等大多数格式的电子书。您可以把Calibre当做电子书图书馆来进行图书管理，也可以使用它来进行电子书的格式转换、阅读等。
,306, Comix,Comix是一款优秀的连环画电子阅读器。如果您有很多精美的电子连环画，需要一个功能强大的工具来阅读的话，那么Comix是您的不二选择。Comix也可以作为一般的图像查看器来使用，它支持从zip、rar、tar 等压缩包中直接读取图像文件。
,307, 文档查看器,Evince是一个支持多种格式的文件浏览器，可以用来阅读如PDF、Postscript、djvu、tiff、dvi等格式的文件。evince还具有文档的索引支持、加密文档的查看和打印支持等功能。通过evince的书签和缩略图功能，您可以很方便的查看页面。
,308, 福昕阅读器,福昕阅读器是一款PDF文档阅读器，对中文的支持度非常高。福昕阅读器作为全球最流行的PDF阅读器，能够快速打开、浏览、审阅、注释、签署及打印任何PDF文件。
,309, Geany,Geany是一个跨平台的开源集成开发环境，它支持基本的语法高亮、代码自动完成、调用提示、插件扩展。支持文件类型有C、CPP、Java、Python、PHP、 HTML、DocBook、Perl、LateX和Bash脚本。
,310, GoldenDict,GoldenDict是一款词典软件，支持多种词典文件格式。GoldenDict可以查询Wikipedia、Wiktionary 等基于 MediaWiki 的Wiki网站，格式化、颜色、图像、链接等支持一应俱全，且能够通过模板化URL模式来使用其他的在线词典网站。
,311, Master PDF Editor,Master PDF Editor是一款功能强大的PDF和XPS文档编辑工具，它可以帮助您查看和编辑PDF和XPS文档。它支持PDF和XPS文件导入/导出到JPG、 TIFF、 PNG或BMP格式。同时，对于常见的PDF阅读需求，如添加注释、高亮显示等也能很好的支持。
,312, Mendeley,Mendeley是一款文献管理软件，可以一键抓取网页上的文献信息添加到个人的library中。您还可安装Microsoft Word和Open Office插件，方便在文字编辑器中插入和管理参考文献。Medeley还免费提供各500M的文献存储和共享空间。
,313, Okular,Okular是一个PDF文档阅读软件，支持PDF、TIFF、CHM、ODF、EPUB、mobi等文档格式。Okular可以对PDF文件进行多种标记注解，如批注、高亮、画图、 加入书签等。
,314, PdfMod,PdfMod是一个PDF 文档编辑应用，它可以对页面进行重新排序、旋转和删除操作，能够对文档的标题、作者等元素进行编辑、多个文件可以通过拖放合并，也能够将图片导出或导入到 PDF 文档中。
,315, PDF-Shuffler,PDF-Shuffler是一个PDF合并及分割工具，它可以把几个PDF文件合并为一个PDF文件，还可以对PDF文件进行分割成几个PDF文件，以及删除PDF文件中的一些页面。
,316, qpdfview,qpdfview是一个小巧的PDF阅读器，它能浏览各种PDF格式的文件，并且可以对PDF文件进行标注、打印和管理。qpdfview可以随意切换到全屏阅读模式，其精准的搜索文本功能，将让您的阅读更轻松、更省事。
,317, 有道词典,有道词典是中国第一个基于Linux下的互联网商业翻译软件，是网易有道与武汉深之度科技有限公司联合开发的。有道词典Linux版可以实现多语言的精准翻译，支持原声发音和智能屏幕取词与划词、图解词典等功能。
 系统,318, 360安全卫士,360安全卫士是一款安全管理软件，它集成了360QEX、360云安全和BitDefender三大安全引擎，具有木马查杀、优化加速、垃圾清理功能、能够有效解决木马、病毒等问题。
,319, AirDroid网页版,AirDroid是一款通过浏览器来管理Android手机的应用，它让您摆脱对数据线的依赖，以无线的方式通过浏览器实现对手机的操作管理。可以管理文件、短信、应用、照片、音乐、联系人、通话记录等。
,320, 百度地图网页版,百度地图是百度提供的一项网络地图搜索服务，覆盖了国内近400个城市、数千个区县。在百度地图里，用户可以查询街道、商场、楼盘、学校、银行的地理位置，也为您提供驾车导航、公交查询、团购优惠、电影订座、景点查询、预约打车等服务。
,321, 锤子便签网页版,锤子便签是一款便签类应用，它不仅可以输入文字，还支持插入图片，进行图文混排。您还可以随时随地将便签内容生成精美的长微博并分享。雅致的信纸、精心调整的排版，令内容更加赏心悦目。
,322, 奇妙清单网页版,奇妙清单是一个云端任务管理工具，它可以同步创建、访问并整理您的任务清单和待办事项，与其他人共享待办、购物等列表清单，还支持添加文件、展开讨论和对话等功能。
,323, Baobab,Baobab是一款分析磁盘使用情况的图形工具，它可以分析本地硬盘空间、分析挂载硬盘或设备空间，同时界面简单易操作，且分析结果以环状或树形状显示。
,324, BasKet Note Pads,BasKet Note Pads是一款笔记记录应用。它与OneNote十分类似。可以很方便的记录文字、图片、声音、链接、文件、外部程序、颜色等各种各样的数据，而且很容易的对信息进行归类，对分散的信息进行分组或者做不同级别的标记。
,325, Beyond Compare,Beyond Compare是一款文件/文件夹对比工具，它不仅可以快速比较出两个目录的不同，还可以比较每个文件的内容，而且可以任意显示比较结果。程序内建了文件浏览器，方便您对文件、文件夹、压缩包、FTP网站之间的差异比对以及资料同步等功能。
,326, BleachBit,BleachBit是一款开源的系统清理工具，它可以释放磁盘空间，保护您的隐私，清除缓存，删除cookies、internet历史、临时文件、日志和丢弃的垃圾文件等，支持清除应用的残留数据，切碎文件防止恢复、隐藏被删除文件的痕迹等功能。
,327, Boxes,Boxes是一个桌面虚拟化管理工具，能够与其他系统（可以是虚拟的、本地的、远程的系统）上执行的应用程序相交互，还能够连接、访问和使用远程机器、远程虚拟机、本地虚拟机，而且还支持访问可移动设备中的虚拟机。
,328, Brasero,Brasero是一款CD/DVD刻录软件，支持单次写入数据DVD和任何类型的CD，并且能够将光盘镜像写入到硬盘，其图形化的操作界面使用户能够轻松而快速的在Linux下烧录光盘。
,329, Cairo-Dock,Cairo-Dock是一个Dock类软件，它支持OpenGL、提供动画及视觉效果的插件、新的Applet、重写配置面板、新增主题等功能。
,330, Catfish,Catfish是一个文件搜索工具，它支持搜索文档、图像、音乐、视频等文件类型，同时还可以选择搜索方法，设定不同的搜索条件并对搜索结果执行相应操作。
,331, CherryTree,CherryTree是一个支持无限层级分类的笔记软件，它支持富文本、多级标题、列表、嵌入图片等常用功能，同时还具有嵌入表格、嵌入代码框、导入和导出等功能。
,332, Conky,Conky是一个桌面环境的系统监视软件，它可以在桌面上监控系统运行状态、网络状态等参数，同时还可以自定义功能模块和界面来配置不同的Conky显示界面。
,333, Conky Manager,Conky Manager是一款简单的图形化工具，用来管理Linux桌面上的ConkyScripts。它采用全新的用户界面和选项配置，使您的应用程序窗口更加直观和易于使用。
,334, CopyQ,CopyQ是一款剪贴板软件，适用于大量数据的复制粘贴。CopyQ能快速复制大量的连续表格数据，具有搜索，编辑历史等一些高级功能，并且还支持图片、命令行、快捷键等。
,335, CPU-G,CPU-Z是一款CPU检测软件，它可以检测CPU名称、厂商、内核进程、内部和外部时钟、局部时钟监测等参数。
,336, 深度启动盘制作工具,深度启动盘制作工具是深度科技团队开发的一款系统启动盘制作工具，具有界面简洁、操作简单的特点，它可以帮助用户简单便捷地制作deepin启动U盘。
,337, 深度终端,深度终端是深度开发的一款终端管理器，可以按照用户的要求对窗口进行任意分割，支持水平和垂直屏幕分割，允许用户改变字体、颜色和自定义背景图片、调整透明度等终端设置。您可以通过终端窗口使用键盘输入各种操作命令等。
,338, Easystroke,Easystroke是一个手势识别应用，它可以识别移动鼠标的手势来执行对应的系统或应用操作，比如模拟按键、执行shell命令、启动程序和模拟鼠标滚动等。
,339, FF Multi Converter,FF Multi Converter是一个多功能的格式转换工具，它支持音频，视频，图像等格式之间的相互转换，以及选择文件预设，它将自动填充相应的转换命令。
,340, 归档管理器,归档管理器是一个归档管理器，它具有创建、修改、查看、提取等功能，以及可以保存为不同格式的文档。
,341, f.lux,f.lux是一款自动调整屏幕色温亮度的应用，可以预设一个适合的变化色温范围，白天的色温控制在 6500K 以下，晚上的色温控制在 3500K 以上，它能随着一天的时间变化自动调整你电脑显示器屏幕的色温，过滤对人眼伤害最大的蓝光，从而尽可能减少屏幕对眼睛所带来的疲劳感。
,342, Gconf Editor,Gconf Editor是一个配置编辑软件，它允许用户修改桌面环境和应用程序的相关参数值，实现改变桌面环境显示和应用程序属性。例如修改菜单按钮的图标，窗口关闭按钮的左右位置，登录界面背景等。
,343, GNOME时钟,GNOME时钟是一个简单的时钟应用程序，它支持四种视图模式：世界时钟、闹钟、秒表、定时器，点击它们可以查看日出和日落的时间，还能够显示世界上任何地方的本地时间，同时还可以新增闹钟提醒、秒表计时、定时器进行倒计时等功能。
,344, Disks,Disks是一款磁盘管理工具，它可以读取硬盘、光驱、U盘等信息，同时还具有查看硬盘详细信息、格式化硬盘、编辑分区类型、创建镜像文件等功能。
,345, GNOME Do,GNOME Do是一款Linux桌面下的快速启动程序，主要提供便捷的程序运行和任务管理方式，它能根据用户键入的内容进行自动匹配，从而快速打开系统中已有的程序、文件、书签等。
,346, 字体查看器,字体查看器是一个查看字体的应用程序，它允许用户查看和浏览所有已安装的字体，同时可以查看字体的详细信息。
,347, Gnome Pie,Gnome Pie是一款炫酷的程序启动器，它可以帮助您快速启动特定程序及执行如关机、重启等系统功能，还是具备超炫的外观及方便的快捷键功能。
,348, 系统监视器,系统监视器是一个开源的应用程序，为用户提供一个监控整个Linux的操作系统的程序，包括运行的进程、资源和文件系统。
,349, Gnome Terminal,Gnome Terminal是一个终端仿真器，所有设置都存储在配置文件中，可以通过菜单栏进行设置，同时可以通过命令来执行操作。
,350, 天气,天气是一个天气预报应用程序，通过自动定位显示单个或多个地点的当前天气状况，预测未来三天，每小时的天气预报，以及白天和黑夜的预测为一周的每一天，同时还可以切换地理位置、温度等功能。
,351, Gnote,Gnote是一款维基风格界面的记事本，它是GNOME桌面环境的一部分，主要用于记录个人的临时信息。Gnote十分小巧，不需要占用太多的空间。它很易用，拥有很多的格式和功能，可以很方便的在笔记间进行链接。
,352, 谷歌地球,谷歌地球是一款卫星地图工具，能带您飞往地球上的任何地方，您可以在上面查看卫星图像、地图、地形和3D建筑。不论是外太空的浩渺星系，还是大洋之下的陡峭峡谷，均可一览无余。您可以尽情浏览丰富的地理资料，保存自己游览过的地点并与他人分享。
,353, GParted,GParted是一款Linux下的功能非常强大的分区工具，GParted可以创建、删除分区，也可以调整分区的大小和移动分区的位置。
,354, GtkHash,GtkHash是一个用来计算消息摘要和checksum的工具，当前支持的哈希函数包括：MD5、SHA1、SHA256、SHA512、RIPEMD、TIGER、WHIRLPOOL。
,355, Guake,Guake是一个下拉式的终端程序。支持快捷键、标签、背景透明等功能，可以使用快捷键控制终端程序的呼出及隐藏。
,356, Gufw,Gufw是一款防火墙UFW的图形化管理工具，可以保护您的电脑在接入互联网时免受病毒干扰。其全中文的操作界面，可以方便的设置放行/阻止IP或服务，非常适合对系统完全性要求较高的商务电脑使用。
,357, Hardinfo,HardInfo是一个系统信息查看软件，它支持查看系统硬件信息、系统驱动方面的信息、系统其他信息以及生成信息报告，同时还能进行简单的性能基准测试。
,358, I-Nex,I-Nex是一款系统信息查询工具，其窗口界面由多个标签面板组成，显示的信息包括驱动，内核，RAM，网络，USB，CPU，GPU，主板，音频等计算机和操作系统信息。
,359, ISO Master,ISO Master是一个光盘镜像文件编辑器，通过它可以从ISO中提取文件、添加文件到ISO、创建可引导的ISO文件等功能。
,360, K3b,K3b是一款全功能的CD/DVD烧录软件，除了光盘烧录之外 ，它还可以把音频光碟翻录成CD数据库所支持的任意格式。其便捷的用户操作界面，可以让您轻松从音频CD中提取音轨，或是从视频DVD中提取影辑。
,361, KeePass2,KeePass2是一个密码管理工具，它能够存储用户的各种密码信息，如登录网站、电子邮件、FTP传输等密码。KeePassX还带有一个很方便的密码生成器，当您需要密码时可以使用它来生成。
,362, KeePassX,KeePassX是一个密码管理工具，它能够存储用户的各种密码信息，如登录网站、电子邮件、FTP传输是的密码等。KeePassX还带有一个很方便的密码生成器，当您需要密码时可以使用它来生成。
,363, Konsole,Konsole是一个终端模拟器，它具有分割检视模式、可定制配色方案、可定制键盘操作方式、调整透明度、多页签显示、内部搜索等功能。
,364, KShutdown,KShutDown是一个定时关机工具，使用它你可以在指定的时间实现对于系统的关闭、重启、锁屏、以及结束会话等操作。同时具有可配置的键盘快捷键、KDE Kiosk支持、命令行和DCOP支持等功能。
,365, LuckyBackup,LuckyBackup是一个文件备份和同步工具，图形化界面，操作简单，从单向复制到双向同步操作都可以实现。还可以通过高级选项设置包含条件、过滤条件、远程连接、命令行模式等，当备份或同步任务完成后，自动通过邮件告知用户。
,366, Meld,Meld是一款可视化的文件及目录对比/合并工具，通过它可以对两个或三个文件/目录进行对比，并以图形化的方式显示出它们的不同之处，同时提供编辑及合并功能，还支持CVS、 Subversion、Bazaar-ng和Mercurial等版本控制工具。
,367, Nautilus,Nautilus是一款文件管理器，它具有文件的图形化显示，左侧导航管理，文件夹图标分类，快速搜索等功能。
,368, Psensor ,PSensor是一款监控硬件温度的工具，支持监控主板、CPU、GPU、硬盘、风扇转速等硬件温度，同时支持使用桌面通知系统高温报警。
,369, 扫描易,扫描易是一个简单的扫描仪软件，它支持主流品牌的扫描仪设备，可以通过设置扫描选项来自定义扫描文件，同时还可以对文件或图像进行剪裁到最优效果。
,370, Synapse,Synapse是一款使用Vala语言编写的启动器软件，它可以为用户更容易找到喜欢的应用程序，同时快速的打开所需的文件，还可以搜索桌面文件、支持输入命令。
,371, Synergy,Synergy是一款键盘鼠标共享软件，允许在你的办公桌上多台计算机之间共享你的鼠标和键盘。通过添加电脑的IP地址并设置起快捷键，在任意屏幕上进行复制、剪切操作都可以在另外一台电脑进行粘贴，只需将鼠标从一台计算机的屏幕边缘移出到另一个屏幕上。
,372, Terminator,Terminator是一款跨平台的终端工具，将界面分割成网格状，拖拽排序各个终端，并行使用各个窗口，通过可视化界面来调整界面布局和配置喜好。
,373, Tickeys,Tickeys是一款打字机声效模拟软件，它支持进行设置声音方案（自带打字机、冒泡、机械键盘、剑气等方案）、音量、音调等，让您的键盘加上特效声音。
,374, Tomboy,Tomboy是一个桌面的笔记软件，可以运行在MacOS X、Windows、Linux平台上。Tomboy可以导出多种文本样式，支持笔记间的相互链接，能够方便的进行全文搜索。它可以帮助您记录随时闪现的灵感和日常需要完成的任务，让您的日常工作更井然有序。
,375, Deepin OpenSymbol,Deepin OpenSymbol是深度科技团队在Wingdings系列字体内容上，重新绘制一系列符号字体，它包含了人们在工作及生活中常用的一些速记符号、手势符号、箭头符号、星形符号以及世界通用的一些常用符号。
,376, UNetbootin,UNetbootin是一个跨平台制作启动盘的工具，能够将Linux操作系统装进U盘中。同时将制作好的启动盘用于电脑的维护和系统还原等操作。
,377, WinUSB,WinUSB是一个创建Windows可引导U盘工具，支持从 ISO 镜像文件及 DVD 来创建，同时提供图形界面及命令行界面。
,378, Xournal,Xournal是一个书写备忘笔记、草图的编辑工具，可以使用它来做笔记、随手标记、打草稿、画图等，同时还可以给PDF做注解。
,379, Xpad,Xpad是一个桌面便签应用，能够在一个桌面创建多个记录窗口，只需要将鼠标指针移到该窗口的底部显示工具栏进行操作，具有实时记录和保存等功能。还可以通过菜单执行更多选项配置，如修改字体样式及大小、重新设置窗口背景和文字颜色等。
 视频,380, Aegisub,Aegisub是一个专业的现代化影片字幕制作软件，它具有视觉化音频模式制作、设定与调整字幕时间轴、设计字幕样式以及制作SSA动态字幕等功能。
,381, Baka MPlayer,Baka MPlayer是一个多媒体播放器，它拥有强大的内部解码器，支持本地AVI、MKV等视频，还支持在线流媒体播放、具有智能的播放列表，硬件加速播放，同时界面整洁，操作简单。
,382, Bino,Bino 是一款3D视频播放器，它支持并能自动识别所有FFmpeg能够解码的视频格式，并支持多种视觉效果输出。同时还支持多种3D视频设备、视差调整、声道切换、自定义色调等功能。
,383, Cheese,Cheese是一个摄像头软件，它可以生成照片，也可以够录制视频，将其自带的一些预设效果应用到所捕捉的照片和视频上。
,384, Cinelerra,Cinelerra是一个视频编辑软件，它提供了视频捕捉、视频合成、音频和视频编辑等功能，还具有输入/输出、渲染集群以及支持HDTV格式等功能。
,385, 深度影院,深度影院是深度操作系统自带的一款视频播放器，提供了直观易用的操作界面和丰富齐全的快捷键，依靠键盘您就能完成所有的播放操作，让您彻底摆脱鼠标点击的束缚。您可以使用深度影院播放多种格式的视频文件，利用流媒体功能轻松欣赏到网络视频资源。
,386, Gaupol,Gaupol是一个字幕编辑软件，支持多种字幕文件格式，通过它您可以编辑文本、定时字幕时间来与视频匹配。除此之外，Gaupol还具有快捷键、第三方扩展、拼写检查，语音识别等功能。
,387, Gnome Subtitles,Gnome Subtitles是一个字幕编辑器，它支持大多数常见的文本格式字幕并且支持字幕编辑，翻译和同步、视频预览等功能操作。
,388, gPodder,gPodder是一款播客接收器，它能够帮助管理您的播客RSS并自动下载播客资料，同时可以拖曳URL到播客中，新节目可以自动接收并下载。
,389, recordMyDesktop,recordMyDesktop是一个桌面视频录制软件，可以录制全屏、窗口，指定区域，还可以录制音频，同时通过设置参数控制将视频生成ogg格式。
,390, Guvcview ,Guvcview是一款开源的视频录像软件，您可以使用摄像头录制自己的视频，实现底片、镜面反转、马赛克等效果。
,391, HandBrake,HandBrake是一款视频转码工具，它可以转换常见的视频文件或将DVD、蓝光视频转换成MP4和MKV，同时还可以自定义转换参数，如定制视频大小、视频裁切、滤镜、视音频编解码器、字幕、章节等参数。
,392, Kazam,Kazam是一款简易的桌面屏幕录制工具，它可以录制视频、录制声音、截屏，而且支持全屏、窗口、指定区域操作，还可以上传录制好的视频到YouTube及VideoBin视频分享网站上。
,393, Kodi,Kodi是一个跨平台媒体中心软件，它能够播放几乎所有流行的音频和视频格式，还可以用于播放网络媒体，支持各种网络媒体协议等。
,394, Lightworks,Lightworks是一款非线性视频编辑器，它具有特效制作、色彩校正、音频特效输出、编辑和剪辑影片、媒体管理等功能。
,395, LiVES,LiVES是一款视频编辑器，它能让用户简单的添加视频特效、各种视频和音频格式文件，同时还具有视频特效编辑、视频转换、视频回放等功能。
,396, MoonPlayer,MoonPlayer是一款多合一视频播放器，可以直接搜索和预览优酷、土豆、A站、B站的视频资源，可以直接在线播放和下载观看，还支持A站、B站的弹幕功能。使用mplayer作为播放内核，可以播放几乎所有视频格式。
,397, Natron,Natron是一个跨平台的视频合成软件，它具有多种视频特效、图形视频处理、多层剪辑、关键帧编辑、导出/导入、分享视频等功能。
,398, Open Broadcaster Software,Open Broadcaster Software是一款视频录制和直播的应用，可以捕捉游戏、窗口、视频、音频、摄像头、麦克风等内容来源，其中还内置了不少可以进行流媒体直播的服务，例如YouTube、Twitch、hitbox等，还支持自定义流媒体服务。
,399, OggConvert,OggConvert是一款小巧实用的媒体转换工具，它可以支持直接拖拽媒体文件进行转换，同时设定音频/视频转换的品质。还支持转换多种媒体文件格式。
,400, OpenShot,OpenShot是一个视频编辑软件。它支持视频实时预览并剪贴缩放、修剪和切割，还有视频的合成、图像叠加层、水印、使用搅拌机、数码变焦、视频片断以及提供更多的3D动画标题等功能。
,401, Pitivi,PiTiVi是一个开源的视频编辑软件，它具有导入音频/视频进行编辑、添加特效、色彩校正，同时还可以使用插件系统来扩展功能，如创建幻灯展示、编辑字幕等。
,402, Shotcut,Shotcut是一款跨平台的视频编辑器软件，它支持视频特效滤镜、直接拖曳视频处理、GPU硬件加速、主流图片处理、音频/视频处理等功能。
,403, SimpleScreenRecorder,SimpleScreenRecorder是一款屏幕录制软件，它具有录制整个桌面、应用窗口、指定窗口大小以及音/视频同步，视频缩放等功能。
,404, SMplayer,SMplayer是一款跨平台的视频播放工具，可以支持大部分的视频和音频文件。它支持音频轨道切换、允许调节亮度、对比度、色调、饱和度、伽玛值，按照倍速、4倍速等多种速度回放、还可以进行音频和字幕延迟调整以同步音频和字幕。
,405, Subtitle Editor,Subtitle Editor是一款针对文本格式类字幕的编辑工具，支持多种字符编码和字幕格式。它具有错误检查、合并、分割、基于时间轴编辑、实时预览等功能。
,406, Transmageddon,Transmageddon是一款音频和视频文件转换工具，其界面直观且易于操作，支持输出几乎所有的视频格式，同时也可以生成指定平台下的视频格式。
,407, VLC,VLC是一款自由、开源的跨平台多媒体播放器及框架，它支持大多数的音频与视频解码器及文件格式，还可以播放大多数多媒体文件，以及DVD、音频CD、VCD及各类流媒体协议。
,408, Vokoscreen,Vokoscreen是一款有效的强大屏幕录制工具，提供全屏，窗口，自定义区域等多个录制模式。Vokoscreen有一个易用的图形化界面，只要点击鼠标就可以进行录制。同时，Vokoscreen可以同步捕获摄像头，支持 mkv 和 avi等格式。
,409, WebTorrent,WebTorrent是一款BT下载和播放应用。它采用JavaScript开发，在浏览器中WebTorrent使用WebRTC来进行P2P传输。它可以不使用浏览器插件，扩展或安装。